date,compound_score_weighted,total_volume_of_tweets,count_negatives,count_positives,count_neutrals,sent_negatives,sent_positives,count_news,count_bots,open,high,low,close,volume_btc,volume_currency,bitcoin_change
2017-08-01,0.04006863236517494,30802,4701,6471,12089,-0.4108432818745731,0.4374375697129938,19401,7541,2855.81,2929.17,2615.0,2731.0,12525.07,34322796.54000001,
2017-08-02,0.06083273206113785,23726,2732,4734,9063,-0.3699486924403065,0.42487379334846165,14537,7197,2735.27,2760.0,2650.0,2703.51,8160.55,22086532.15,-1.0065909923104965
2017-08-03,0.06042989096543737,25111,3233,5351,9806,-0.3864231471364541,0.43803832221451494,16127,6721,2703.51,2807.44,2698.83,2793.37,7963.73,21938304.000000004,3.323827172823468
2017-08-04,0.051761907606674123,21863,2703,4150,7959,-0.40757161705738815,0.4484933892701686,13078,7051,2793.34,2877.52,2765.91,2855.0,7635.819999999999,21650087.65,2.206295621417853
2017-08-05,0.09004297629642147,22123,2115,6258,8731,-0.4055540195927528,0.3976363452127327,13045,5019,2851.01,3339.66,2848.32,3263.62,16996.260000000002,53861926.05,14.312434325744295
2017-08-06,0.0625718011617898,15469,2190,3754,6161,-0.39562840517291376,0.43155180991842634,9929,3364,3263.51,3296.51,3146.1,3222.75,5998.719999999998,19412655.959999997,-1.2522904014560465
2017-08-07,0.07394049751698982,24169,3710,6587,9688,-0.3560584625828512,0.43044748638950875,16743,4184,3216.78,3430.0,3186.0,3387.55,12046.109999999999,40225852.010000005,5.113645178806925
2017-08-08,0.061831811147054175,27334,4193,7144,10816,-0.37564941154632514,0.41032997180617053,19526,5181,3387.54,3490.0,3300.0,3412.41,15835.369999999999,54054824.25,0.7338637068087461
2017-08-09,0.07585287858338083,22628,3000,5861,10376,-0.3453275303922417,0.4270654809980887,16476,3391,3408.46,3423.1,3178.72,3342.99,14286.83,47356464.4,-2.034339367192106
2017-08-10,0.09707006555998027,22397,3018,6391,9753,-0.347644555226613,0.4541574264675039,16211,3235,3342.99,3448.0,3311.17,3413.03,9031.119999999999,30658440.5,2.0951304072103216
2017-08-11,0.08567116916418585,23841,2908,6071,10125,-0.3510969209749229,0.4436983450240344,17031,4737,3410.0,3705.0,3390.67,3645.06,11927.36,41888022.269999996,6.798358057210163
2017-08-12,0.0919671807416644,18494,2059,5095,8341,-0.3785796006788094,0.4348957890641987,11744,2999,3651.74,3934.0,3586.95,3855.1,12351.070000000002,46799798.410000004,5.762319413123507
2017-08-13,0.08202608695652172,81,3,9,11,-0.4967666666666666,0.3752111111111112,72,58,4090.0,4094.5,4037.7,4053.87,208.56,845839.7,5.156027081009573
2017-08-14,0.08952489079671067,28725,3289,8880,13060,-0.37304898611146253,0.3967174747932327,19479,3496,4053.87,4329.43,3964.96,4306.23,14212.31,59836002.79999999,6.22516262238304
2017-08-15,0.08390913305896863,18411,1850,4901,9401,-0.3716646063310971,0.4160621960862108,12896,2259,4221.29,4251.74,3800.0,4155.67,18968.339999999997,76373854.72999999,-3.4963297362193724
2017-08-16,0.08560052619818494,25479,3091,7168,11430,-0.3888728341120892,0.4316033936247625,17825,3790,4154.99,4379.78,3926.06,4378.84,12923.63,54194325.769999996,5.37025317217199
2017-08-17,0.08716441066463441,28404,3374,8731,12283,-0.39396697668808245,0.409949524567907,20522,4016,4361.99,4480.0,4167.21,4276.5,14573.16,63228604.19,-2.3371486512409723
2017-08-18,0.07508449944685243,27488,3380,6806,11314,-0.38271782164765655,0.4248931055586686,18204,5988,4260.47,4368.0,3964.96,4100.0,17517.0,73224029.25,-4.127206828013563
2017-08-19,0.08951825374181997,19821,2231,4837,6836,-0.358704397324591,0.4234494679933387,11446,5917,4100.0,4188.0,3900.0,4099.55,15036.189999999997,60604905.59000001,-0.01097560975609202
2017-08-20,0.10145873680711875,18632,1927,5011,6809,-0.3933454721663818,0.4277516400134573,11521,4885,4091.99,4125.95,4000.0,4058.68,6237.98,25289638.599999994,-0.9969386883926346
2017-08-21,0.09491907616921323,21145,2666,5687,8472,-0.3372254212170503,0.43945501088287453,14320,4320,4058.64,4080.0,3949.78,3987.52,9782.06,39203908.94999999,-1.7532793913291989
2017-08-22,0.06975687733315199,24890,3743,6659,10303,-0.36395351739609216,0.42195539111699465,17366,4185,3987.51,4139.31,3600.0,4085.0,23522.770000000004,91600325.72999999,2.44462723697938
2017-08-23,0.08281006971368678,23651,3175,6586,9370,-0.36812396245903173,0.4241479410963678,16052,4520,4078.0,4248.97,4051.94,4108.12,14979.400000000001,62117291.57,0.5659730722154199
2017-08-24,0.09857543645344638,25616,3145,7776,10518,-0.3825657892739775,0.4253469065524234,18062,4177,4121.78,4350.0,4082.57,4300.34,10782.709999999997,45174068.68000001,4.679025929135472
2017-08-25,0.09350493619463654,23627,3088,7322,9176,-0.3861386029105218,0.4191738589153144,16270,4041,4308.8,4449.98,4270.0,4355.98,9699.63,42274063.37,1.2938511838598732
2017-08-26,0.10743233529548835,12457,1550,3954,4442,-0.4043937852336124,0.43070672383835956,8258,2511,4332.55,4349.99,4232.43,4333.38,4409.77,18956691.85,-0.5188269918594557
2017-08-27,0.09218217298796856,17896,2010,4657,6346,-0.3886198434895725,0.42545716940922823,12211,4883,4333.38,4393.3,4290.32,4337.68,3979.1099999999997,17263967.21,0.09922970060323166
2017-08-28,0.0809431338380223,20905,2710,5878,8675,-0.38014316322899727,0.4120484729112832,14815,3642,4329.91,4399.72,4169.01,4379.99,8640.999999999998,37077203.39,0.9754062079267989
2017-08-29,0.08279630779723506,24797,3693,6647,10544,-0.33973432067758513,0.44237281926812977,16845,3913,4385.0,4649.78,4336.26,4578.82,11879.64,53491168.430000015,4.539508081068666
2017-08-30,0.07625473649854521,23922,3338,6376,9973,-0.35859310394573735,0.42415873860921655,16149,4235,4578.82,4642.22,4479.0,4573.2,8720.040000000003,39800539.150000006,-0.12273904630449861
2017-08-31,0.09111890516372761,24260,3462,7324,9977,-0.3642599833898948,0.43089177268354995,16101,3497,4573.15,4765.21,4566.66,4734.26,8911.430000000002,41726210.49,3.5218227936674618
2017-09-01,0.09909067055929391,26305,3307,7878,11277,-0.381973082083642,0.4404092123211081,17843,3843,4734.26,4935.0,4671.09,4921.7,15367.539999999999,73889667.51000002,3.9592248841423983
2017-09-02,0.1006179035891833,21463,2448,6082,9404,-0.35123154453304917,0.4404239344545528,14178,3529,4921.71,4979.9,4488.5,4599.9,16977.81,79492706.8,-6.538391206290517
2017-09-03,0.10182719419441011,19058,2425,5690,7486,-0.39164109554452636,0.4462188191514711,13085,3457,4599.9,4700.0,4385.0,4606.26,11224.910000000002,51112035.00000001,0.1382638753016474
2017-09-04,0.03846105767045756,26231,4633,6990,10918,-0.4411944285405373,0.4253198892013903,18409,3690,4603.68,4613.97,4058.5,4277.0,25069.129999999994,107792606.92,-7.148098457316787
2017-09-05,0.0523262169895372,27648,4765,7417,11856,-0.43649417498554177,0.4504321619177207,20009,3610,4282.53,4474.88,4001.93,4396.52,20884.22,88444473.14000002,2.7944821136310694
2017-09-06,0.07078108701938468,27563,3633,6849,11580,-0.41282889568567205,0.4490701575385521,19864,5501,4397.38,4649.23,4356.42,4605.8,16634.100000000002,75306805.39,4.760128465240676
2017-09-07,0.0896569287119791,24146,2795,6628,10600,-0.4048877553070944,0.44316332413882314,16911,4123,4605.81,4674.34,4475.0,4615.0,9254.840000000002,42435329.00000001,0.19974814364496218
2017-09-08,0.05369845511046188,28657,5003,7422,12116,-0.3895206433150391,0.43823650941710895,20363,4116,4615.0,4679.97,4125.99,4312.0,23693.3,103569423.20999998,-6.565547128927407
2017-09-09,0.07060006708487242,19677,3110,4980,7714,-0.3650951437667284,0.4507313426361152,13429,3873,4327.41,4379.78,4164.0,4308.72,9974.389999999998,42689334.629999995,-0.07606679035250252
2017-09-10,0.08164911227655255,20067,2932,5524,7844,-0.40706494096891027,0.45477429183117035,13605,3767,4322.44,4322.44,4010.0,4226.22,14724.2,61040452.04999999,-1.9147217735197453
2017-09-11,0.045269612251919764,26726,4967,7424,10336,-0.4320832700974005,0.43473866250232623,19721,3999,4226.21,4353.49,4092.4,4207.31,11191.579999999998,47148979.980000004,-0.4474447615126498
2017-09-12,-0.013692694070891014,33759,8952,8982,11754,-0.43982553429291116,0.41727680433378955,24590,4071,4198.89,4377.65,4080.0,4172.56,13294.430000000002,56268039.79,-0.8259434175280633
2017-09-13,-0.007789342192509062,38161,10416,9526,14225,-0.43208415186604765,0.4384465845206376,26973,3994,4170.6,4179.14,3720.01,3865.34,29636.369999999988,115516897.10000001,-7.3628659623828145
2017-09-14,0.005781951587502193,30574,8344,7841,11492,-0.39700605911287695,0.4308054670622331,21309,2897,3833.39,3899.82,3210.0,3227.79,37269.13999999999,130603805.76999998,-16.494021224523593
2017-09-15,0.02895433467702157,40596,8845,10433,17102,-0.395677549091058,0.43434373408293264,28609,4216,3227.79,3820.0,2972.01,3700.01,60278.920000000006,203168385.99999997,14.629824121147905
2017-09-16,0.0467583312838647,22763,4421,6620,8523,-0.4113347360035394,0.4206489471870096,16121,3199,3765.08,3872.9,3500.0,3678.93,21036.76,76942850.52999999,-0.5697281899238238
2017-09-17,0.07480974188000557,23632,3867,7297,8850,-0.40331956155372395,0.41910340965668724,16806,3618,3669.07,3772.52,3463.0,3662.99,11770.210000000001,42657776.550000004,-0.43327815424594185
2017-09-18,0.048586433362834476,32739,6659,9438,12783,-0.38256322366775247,0.4123956233150923,23998,3859,3662.95,4122.7,3659.42,4101.6,17207.569999999996,67988469.48,11.97409766338431
2017-09-19,0.04832149158628558,31680,5865,8579,13552,-0.39282049407617764,0.42797536876955095,23963,3684,4102.0,4119.7,3848.35,3888.8,15278.960000000003,60404491.58000002,-5.188219231519408
2017-09-20,0.08137446076398278,28018,4652,8547,11023,-0.3889858289336741,0.4384448401928777,20550,3796,3888.8,4050.0,3820.56,3874.46,11660.28,45847238.86,-0.36875128574367366
2017-09-21,0.03397925244638225,27583,5604,7736,10840,-0.45423087039641014,0.4448107524458424,20329,3403,3864.0,3914.0,3573.0,3617.05,17904.32,67012342.18000001,-6.643764550414765
2017-09-22,0.05217099537925789,27340,4600,7564,11550,-0.4294298619732666,0.4269240749245411,19915,3626,3607.83,3761.84,3514.0,3612.18,15007.749999999998,54271184.8,-0.13464010726974562
2017-09-23,0.08392478532873361,8492,1406,2766,3229,-0.4289554027443647,0.44464706064552867,6180,1091,3757.11,3783.25,3698.19,3779.17,3440.9799999999996,12886444.05,4.6229700624
2017-09-24,0.11199392010090789,11374,1571,3676,4395,-0.366098343274715,0.44827134624294934,8408,1732,3648.03,3735.17,3630.0,3664.22,3162.9,11659537.140000002,-3.04167317162235
2017-09-25,0.10543634806434489,23442,2638,7357,9885,-0.4023600929802602,0.43263589468115854,16943,3562,3667.01,3968.59,3658.39,3918.0,14979.77,57632408.089999996,6.925894187576076
2017-09-26,0.0789242653872577,26103,3631,7735,11108,-0.4202570052203574,0.4244566920957371,18967,3629,3920.66,3970.0,3850.61,3888.03,10014.639999999998,39220959.690000005,-0.7649310872894333
2017-09-27,0.08113553797191901,29421,4141,8872,12450,-0.4061795776151085,0.42198257585543625,21383,3958,3883.95,4226.73,3870.0,4199.29,15075.819999999996,61255648.55000002,8.005596664634783
2017-09-28,0.08574424595297053,27561,4092,8270,11522,-0.39556756461255965,0.4405028754347862,19623,3677,4202.34,4270.01,4123.5,4184.84,9625.929999999998,40309035.76000001,-0.3441057893119992
2017-09-29,0.07137109752084393,28839,4990,8631,11416,-0.42694258572215965,0.4503144356893229,20881,3802,4183.47,4227.62,4022.02,4164.82,12191.9,50336312.66,-0.4783934391757061
2017-09-30,0.08955795758904228,21617,2861,5951,8402,-0.4006233691746477,0.4529466593474803,15010,4403,4162.04,4349.0,4154.28,4326.09,7496.79,32073448.82,3.872196157336938
2017-10-01,0.09614388848805931,22646,3083,6766,9117,-0.41036940586340664,0.45386458962934456,14960,3680,4326.09,4377.22,4216.0,4377.22,7211.34,30871704.81,1.1818986660009356
2017-10-02,0.0742136755341497,32289,3757,7871,13939,-0.3995811374898817,0.4272720414493565,24771,6722,4369.33,4453.0,4352.0,4391.48,8259.840000000002,36293751.010000005,0.32577754830689365
2017-10-03,0.08827827187108206,27828,3164,7502,12078,-0.38447439440490244,0.42397513938775483,20662,5084,4391.41,4425.0,4218.0,4315.83,12468.069999999998,53551605.470000006,-1.7226538661225699
2017-10-04,0.06218192172333061,29299,4388,7156,11259,-0.39850953167302533,0.44510526142374934,21929,6496,4315.73,4343.0,4170.07,4219.53,8519.010000000002,36068254.919999994,-2.231320510770818
2017-10-05,0.06791464599040775,26299,4349,7463,10839,-0.3951231052584656,0.4396818691135243,18269,3648,4219.74,4358.97,4137.96,4301.09,8419.97,35912272.84,1.9329166992532398
2017-10-06,0.07999125819135472,3143,445,974,1258,-0.371773488836832,0.40857306582997677,2205,466,4338.0,4375.0,4321.82,4362.95,607.36,2640369.84,1.4382400740277301
2017-10-07,0.10372224249117955,2513,304,750,1033,-0.36492319769119774,0.4382920931937734,1760,426,4334.64,4463.0,4327.41,4423.3,1975.6999999999998,8716496.85,1.3832384052074875
2017-10-08,0.07199982188415577,20808,2971,5630,8686,-0.43254077762322524,0.45328145540151654,14267,3521,4422.72,4612.0,4404.5,4597.98,10083.86,45490443.57,3.9490877851377837
2017-10-09,0.0516616798818013,30890,5910,8741,12231,-0.395105703752375,0.41935159501140856,22410,4008,4597.97,4865.0,4541.0,4764.7,12923.65,60473207.320000015,3.6259400867337366
2017-10-10,0.019387876764854466,30792,6736,8365,11909,-0.4384192895570263,0.42332057027999664,22274,3782,4761.67,4909.97,4700.0,4749.29,11666.039999999999,56088789.38000001,-0.3234201523705571
2017-10-11,0.07089153729156097,28834,4145,8514,12114,-0.40594257987098703,0.4083806402065459,20906,4061,4747.9,4869.78,4700.0,4822.01,9866.92,47256315.43,1.5311762389746741
2017-10-12,0.07359192933828214,43836,6122,12448,20902,-0.3850567629930093,0.41668464748830064,30621,4364,4822.01,5445.0,4793.66,5445.0,19916.22,102559923.25000001,12.919716052019803
2017-10-13,0.08875354613749487,42749,6106,13228,19252,-0.3578315021900051,0.42516838618844505,29633,4163,5444.0,5846.43,5380.0,5653.6,27827.379999999994,155848051.88000005,3.831037649219482
2017-10-14,0.08715172697468447,28126,4212,8507,11465,-0.3775708835897405,0.4367159635310813,19587,3942,5653.58,5817.34,5558.26,5801.29,8410.949999999999,47779356.46000001,2.612317815197396
2017-10-15,0.09381148479183063,26027,3806,7763,10472,-0.3510939904963175,0.439606233975524,17716,3986,5795.01,5830.0,5415.0,5679.7,11542.950000000003,64464008.42000001,-2.0959131503510475
2017-10-16,0.11244543221152176,32320,4336,10291,13576,-0.3582096379944346,0.4532115181585732,23546,4117,5683.92,5807.11,5548.0,5745.72,9066.81,51508749.099999994,1.1623853372537463
2017-10-17,0.06470091939526364,30497,5518,8797,11778,-0.3660543962673859,0.42831745756990686,21827,4404,5752.2,5776.31,5506.78,5597.31,9105.29,51035573.55000001,-2.5829661034648344
2017-10-18,0.08689169281229982,28147,4272,8656,11082,-0.38935332823136687,0.4336261336637685,19790,4137,5591.97,5617.75,5101.36,5582.05,18961.700000000004,101657249.60999998,-0.27263096022911437
2017-10-19,0.089464145232634,29935,3815,8468,13468,-0.3999206444224816,0.4509825653165753,21933,4184,5572.64,5735.14,5512.06,5698.69,9919.819999999998,56087316.59,2.089554912621705
2017-10-20,0.07092890346492134,35962,5728,10276,16256,-0.37599864893322593,0.43207962756437746,24632,3702,5700.0,6074.0,5589.8,5977.29,15109.050000000001,89014299.88999999,4.888842874415
2017-10-21,0.0707955637910022,30505,5218,9368,12170,-0.3891501885000294,0.4217617677473544,20892,3749,5977.26,6180.0,5871.0,6013.46,15357.450000000003,92912504.81000002,0.6051237266386567
2017-10-22,0.10906312761132261,22286,2741,7319,8967,-0.3760685773487466,0.42372797656695543,15577,3259,5944.94,6039.79,5700.0,5969.0,11329.539999999999,66503159.08000001,-0.7393414107685126
2017-10-23,0.07979005046031322,35575,5334,9980,15650,-0.34541510945556314,0.4343984697585561,25205,4611,5967.38,6045.34,5617.75,5871.17,15331.619999999997,89530043.14999999,-1.6389680013402574
2017-10-24,0.05020486252166777,37368,6772,10702,15892,-0.3922042174887759,0.41025893381672884,27242,4002,5869.82,5870.0,5453.01,5523.4,17286.739999999998,97560230.22,-5.923350882362466
2017-10-25,0.07247332112297797,33150,5900,9947,13172,-0.38077693337011476,0.43462068038941676,23680,4131,5518.49,5748.0,5366.0,5735.88,12349.119999999997,68370411.15,3.8469058912988574
2017-10-26,0.08572928897607597,30772,5210,9857,12067,-0.3716219842910957,0.43727452557941354,22030,3638,5741.35,5988.0,5683.0,5890.0,11788.29,69079451.8,2.6869460309490334
2017-10-27,0.07600248156762197,28351,4926,8483,10936,-0.3650308964532551,0.4348096141930005,20108,4006,5889.99,5994.06,5674.06,5771.89,11911.050000000001,69053794.44,-2.005263157894732
2017-10-28,0.10503690066686255,22638,3627,7115,8287,-0.3516956393932693,0.4507713882429281,15948,3609,5773.03,5875.66,5646.18,5730.69,5926.29,33993472.69,-0.7138043171301067
2017-10-29,0.07105764441134292,24995,4127,6752,9621,-0.37303034281932207,0.4421004184394688,16796,4495,5731.7,6316.85,5683.0,6137.37,16086.640000000001,96361934.30000001,7.096527643268091
2017-10-30,0.0654093851549974,33014,4914,8926,15116,-0.38388421466516426,0.42596203788045445,24692,4058,6133.01,6229.77,6024.03,6119.99,9574.640000000001,58637080.13999999,-0.2831831875868662
2017-10-31,0.08382746189115088,37007,4922,9807,17484,-0.3765506518083228,0.4627583035719685,25871,4794,6120.0,6449.78,6072.81,6434.21,13423.339999999998,84354477.97,5.134322114905432
2017-11-01,0.08830303897772322,38412,5615,11971,16313,-0.3701799418163308,0.4293089279797526,27404,4513,6434.24,6756.36,6340.01,6741.59,12967.220000000003,84891427.32000001,4.777276464398894
2017-11-02,0.08813226306023103,46917,6604,16068,19925,-0.404630544255931,0.40067262003434573,31164,4320,6745.04,7354.1,6700.0,7030.0,26514.66,184979262.32999998,4.2780709001882355
2017-11-03,0.09934997443121218,37826,5235,12257,15868,-0.3951635285433553,0.43666384496362626,26137,4466,7030.0,7500.0,6925.22,7146.82,15999.76,116037544.13000001,1.6617354196301504
2017-11-04,0.11307978789453003,27583,3698,9063,10583,-0.4002165544296363,0.4527159057148382,18388,4239,7145.24,7569.9,6994.0,7388.83,9200.13,66730277.410000004,3.3862613022295207
2017-11-05,0.09346393107011461,29027,4908,9269,10623,-0.3780262901353288,0.44626226609572117,19002,4227,7388.79,7590.0,7275.16,7372.72,9218.310000000001,68631151.83000001,-0.2180318128851222
2017-11-06,0.09165390158795077,34053,4567,10641,14625,-0.3923733990456392,0.4289668011114993,24534,4220,7373.3,7421.39,6922.07,6967.68,19323.130000000005,138542391.76999998,-5.493766208400697
2017-11-07,0.07948602463651624,33455,5260,10259,14070,-0.3871461149707207,0.43191897973730403,24365,3866,6967.64,7244.69,6945.0,7130.28,11634.279999999999,82632999.57999998,2.333631854505369
2017-11-08,0.04290578877896497,43258,9619,12643,16795,-0.4336361941736422,0.4576818092521671,29930,4201,7131.38,7888.0,7080.01,7450.32,24679.72,183501327.10000002,4.488463286154265
2017-11-09,0.06138329758197941,28722,5208,8472,11300,-0.4347936893618422,0.44957133549635997,20027,3742,7398.99,7419.6,7061.2,7148.0,11424.029999999999,82087961.26999998,-4.0578122818885625
2017-11-10,0.07699080550213512,39022,6137,11420,14375,-0.41659877200970596,0.4356135602960309,25883,7090,7150.61,7343.18,6429.44,6588.18,26614.27,181284361.09000006,-7.831841074426404
2017-11-11,0.084678042168746,32684,5406,9775,10549,-0.4042013325247556,0.4499431233718035,20357,6954,6588.18,6820.0,6218.0,6355.13,14942.710000000001,96800268.08,-3.537395760285844
2017-11-12,0.07980200379372603,38265,6071,10250,11246,-0.4320617652315179,0.470146484287455,20805,10698,6355.13,6488.88,5555.55,5870.37,37315.149999999994,225565297.55000004,-7.627853403470897
2017-11-13,0.0741028125607421,43824,7208,11757,16086,-0.3998629006198377,0.46433526700016037,28684,8773,5870.03,6775.75,5846.0,6525.17,27202.28,173971383.57999995,11.154322470304256
2017-11-14,0.0809260965199769,39606,6467,11746,14209,-0.41883477852421197,0.4573516781779064,26977,7184,6524.69,6750.0,6466.88,6609.0,12072.050000000001,79508390.54,1.284717486287712
2017-11-15,0.10052218101245541,41520,5760,12571,16683,-0.398166650298785,0.46222078998393784,28042,6506,6609.0,7350.0,6609.0,7294.0,16869.890000000003,119171192.38000003,10.36465425934332
2017-11-16,0.10863194672848937,44519,5608,13990,18372,-0.3822408074137429,0.4502317624194998,30684,6549,7294.0,7976.79,7120.85,7846.96,19272.379999999997,145738327.50000003,7.581025500411287
2017-11-17,0.10103141700385913,44019,7404,15127,16041,-0.3985439949759426,0.45411831918899437,30842,5447,7846.96,7997.0,7528.5,7674.99,17714.35,138124189.40999997,-2.19154933885225
2017-11-18,0.1330250618109022,31184,3647,10175,11625,-0.4029328304285726,0.47717735254521937,21042,5737,7675.0,7858.0,7431.54,7771.03,7326.819999999999,56264967.239999995,1.251337135292685
2017-11-19,0.1238084370069579,31295,4178,10548,11259,-0.4058037310726132,0.46861336742710263,20654,5310,7775.55,8087.35,7675.0,8016.58,8307.800000000003,65332064.65,3.1598127918692986
2017-11-20,0.09715236786574566,44218,6474,14298,17893,-0.4115956251040887,0.4482467757160158,30902,5553,8016.58,8269.99,7900.0,8226.17,8179.450000000001,66366007.81,2.6144565388232843
2017-11-21,0.07546602397864068,45257,7568,13246,18570,-0.40388492045540364,0.45611598338273923,31432,5873,8226.14,8354.46,7770.0,8095.23,13686.520000000002,110811263.47,-1.5917492587680604
2017-11-22,0.08641551172869265,44865,7326,14672,17304,-0.4198251899032126,0.43955061735774104,32471,5563,8095.19,8310.89,8045.76,8214.69,8078.570000000002,66215711.71000001,1.4756838286250185
2017-11-23,0.12047530433043424,37653,5152,12381,13686,-0.3964269828012454,0.4684452968763133,25765,6434,8214.69,8279.76,7980.0,7989.0,7811.82,63644740.38000001,-2.7473952151572445
2017-11-24,0.13493915019525193,37222,4528,12942,13995,-0.3951506670263878,0.46738502397881093,26073,5757,7988.96,8340.0,7876.0,8199.19,9290.0,75751868.76,2.630992614845429
2017-11-25,0.1356107293864198,32727,4013,11167,12543,-0.39652103755792517,0.4770365185023091,21404,5004,8199.83,8737.0,8114.78,8717.99,11611.660000000002,97628924.78999999,6.327454297314716
2017-11-26,0.11475883082611844,44722,6317,14980,18237,-0.3637928658639355,0.459946104590862,27832,5188,8718.0,9366.6,8538.2,9271.06,12021.19,108525815.41999999,6.344008194549433
2017-11-27,0.10692206551000467,64214,10246,21974,26191,-0.3811414912669359,0.4643111494334267,43303,5803,9499.47,9721.7,9267.0,9708.07,12273.75,117077487.31,4.7137004830084095
2017-11-28,0.10664458844960682,68802,10344,24202,27912,-0.3766440510390423,0.4334805408626159,44339,6344,9708.06,9968.0,9582.25,9868.82,11214.95,110496755.83999999,1.65583890515828
2017-11-29,0.09232030211762733,102558,18663,36595,40374,-0.3939068120442161,0.44575519273920533,57838,6926,9877.63,11395.0,9250.0,9824.68,33432.34,346949562.2,-0.44726725180922466
2017-11-30,0.08273425598089233,72214,14063,24771,27307,-0.3909912816300208,0.44358581745365216,47411,6073,9833.7,10618.29,9000.0,9947.67,25433.48,247093850.77000004,1.2518473884136627
2017-12-01,0.10916606658001726,65700,10009,22517,26665,-0.37693682500207576,0.4528470413975019,44944,6509,9927.29,10949.89,9370.11,10840.45,16708.010000000002,171881760.63000003,8.97476494495697
2017-12-02,0.13316218934487953,4607,635,1562,1801,-0.38273703339345216,0.5039296073639621,2992,609,10950.04,11049.44,10831.72,10872.0,860.4399999999999,9436466.540000001,0.29103957861527086
2017-12-03,0.11739950867562485,47116,7248,16374,17734,-0.3861284492368557,0.46721427219288686,30844,5760,10875.68,11800.01,10513.16,11250.0,14238.52,160176290.44000003,3.47682119205297
2017-12-04,0.0832228303888334,65439,10302,20244,28969,-0.41907467449936703,0.4595572242873726,48000,5924,11250.0,11613.07,10850.0,11613.07,13621.51,154122917.90000004,3.2272888888888795
2017-12-05,0.09068250175933253,57817,9771,18186,23174,-0.395972224362831,0.4671562358747444,39230,6686,11578.92,11850.0,11384.25,11677.0,11712.45,136483524.5,0.5505004275355274
2017-12-06,0.09463971037963917,81698,15297,28976,30388,-0.3890550188837496,0.4507860752558665,50671,7037,11676.99,13700.0,11659.8,13623.5,19784.890000000003,250560790.31000003,16.669521281150978
2017-12-07,0.055491621327351116,132408,32143,45178,47977,-0.40982134080595106,0.44943650686940345,69766,7110,13623.0,16879.26,13401.61,16850.31,6046051757.150001,1.7754000001833072e+17,23.685616765148467
2017-12-08,0.06678211282172104,110619,24848,37394,40334,-0.40394430452950075,0.45212536855086555,66754,8043,16867.98,17294.85,13906.1,16047.61,18369937.5,2.00274e+17,-4.763710578618441
2017-12-09,0.07581203004372838,68277,13951,22799,25119,-0.4257905237408662,0.4668163587186123,40587,6408,16048.18,16313.18,13151.47,14843.42,3.5400000000527324e+16,2.54066e+17,-7.503858830068777
2017-12-10,0.07910336034648013,70665,13348,22786,27715,-0.42449805951054503,0.47152459351633186,44312,6816,14839.98,15783.2,13031.0,15059.6,35439055.970000006,1.30202e+17,1.4564029044519478
2017-12-11,0.08440658273004345,97390,16348,31428,42061,-0.41243356372156437,0.4555508337572032,66504,7553,15060.45,17399.18,15024.56,16732.47,27192492024.38,4.01282e+17,11.108329570506537
2017-12-12,0.08168296338889394,87675,17240,29848,32687,-0.3975348543229693,0.4496871054298051,55246,7900,16733.29,17560.65,16254.53,17083.9,30583841269.069996,4.8385e+17,2.1002876443226848
2017-12-13,0.07704025163735172,77117,15348,25642,29232,-0.4034064734375325,0.4511675564401725,50472,6895,17083.9,17267.96,15669.86,16286.82,37484345883.119995,5.6197e+17,-4.6656793823424465
2017-12-14,0.08944249077378928,70699,13250,23717,26775,-0.39046168937174414,0.45894430528968466,46085,6956,16286.82,16941.08,16023.64,16467.91,112212098889.12,3.146e+17,1.1118806495067801
2017-12-15,0.0771207428381724,73487,15307,24056,26650,-0.39199143528549135,0.4604454084669333,49737,7474,16467.91,17987.03,16442.2,17604.85,9330049964373248.0,3.6144e+17,6.903972635264566
2017-12-16,0.08586574467420627,53458,10078,17852,19322,-0.41766068381882643,0.46442683738303686,32877,6206,17594.08,19587.7,17318.54,19345.49,40369745532.41,3.5248e+17,9.887275381500004
2017-12-17,0.09610998291329241,50216,8450,16463,19344,-0.4120481905546593,0.46775228054035356,30772,5959,19346.6,19870.62,18873.37,19065.71,3800354906.0899997,5.3478e+17,-1.4462285524946772
2017-12-18,0.09965797329714625,71529,11130,23371,29896,-0.38959525717137283,0.46130003447696244,48979,7132,19065.71,19221.1,18114.42,18972.32,43553257345.32999,6.07188e+17,-0.48983226955617853
2017-12-19,0.08806052145654523,74188,12936,24184,28840,-0.40815694113431955,0.4569730283230699,49576,8228,18971.19,19021.97,16812.8,17523.7,48754201224.19,3.1694e+17,-7.635439419111623
2017-12-20,0.07100474077266662,93718,16014,24796,28008,-0.414830255434608,0.46635601056644166,53801,24900,17521.73,17813.6,15642.69,16461.97,1.0800018886460948e+16,3.1066e+17,-6.058823193731911
2017-12-21,0.08058270616135481,70678,13546,21770,24938,-0.39627224092305147,0.469932022479913,45147,10424,16461.09,17301.83,14952.98,15632.12,1.5800034166550046e+16,5.4475e+17,-5.0410127099004605
2017-12-22,0.04997060534913721,107414,24294,33612,41413,-0.4207752001908221,0.45484682866581766,61414,8095,15632.12,15823.72,11736.48,13664.97,5.93000473086293e+16,1.77599e+17,-12.58402571116395
2017-12-23,0.07944980133988364,57743,11835,18633,20660,-0.38925459821970304,0.46523064277319354,34416,6615,13664.97,15493.23,13356.07,14396.46,3949112410.58,2.39302e+17,5.3530304128000195
2017-12-24,0.09834130261186565,45673,8626,15313,16111,-0.3988966994387951,0.48180808391292285,28383,5623,14396.63,14413.72,12166.45,13789.95,3499933124.18,7.15293e+17,-4.212910673873981
2017-12-25,0.1104694608061451,41301,7256,14596,14133,-0.4143272070194463,0.48019142022523,26626,5316,13789.95,14467.43,13010.71,13833.49,224396010.14,5.3974e+17,0.3157371854140001
2017-12-26,0.0632587436023316,52851,11275,17212,18330,-0.44258374937067146,0.46595941719050754,35353,6034,13830.19,16094.67,13748.49,15756.56,160582256.19,2.72032e+17,13.901553404093981
2017-12-27,0.09544147271385454,55398,9466,18722,21209,-0.41274527794193144,0.45924948070572097,37117,6001,15757.02,16514.59,14534.66,15416.64,369763.10000000003,3.0379e+17,-2.1573236797879702
2017-12-28,0.06972056852417313,57303,11298,18062,21162,-0.40436979192908823,0.44722659807066506,38531,6781,15416.34,15505.51,13466.07,14398.7,200239085.63,3.35784e+17,-6.602865475226761
2017-12-29,0.1048839275798834,53295,8455,18195,20151,-0.41803855572265286,0.4640972542895237,35254,6494,14398.45,15109.81,13951.08,14392.57,9500000430860802.0,4.5481e+17,-0.042573287866276566
2017-12-30,0.12234642911024174,45862,7013,15513,16965,-0.39542423755156336,0.49188485404830734,28380,6371,14392.14,14461.46,11962.09,12531.52,321315067.08,5.3723e+17,-12.930630179321689
2017-12-31,0.13510914102211255,43801,6656,15564,16394,-0.38167586682252025,0.500478641909285,29466,5187,13001.17,14241.82,12532.38,13850.4,9390000336990780.0,3.0745e+17,10.524501417226318
2018-01-01,0.11171257074661263,40361,6425,13258,14968,-0.39798606773022605,0.4872527571706253,26870,5710,13850.49,13921.53,12877.67,13444.88,8480000363919825.0,5.5507e+17,-2.9278576792006072
2018-01-02,0.07290642896541952,44014,8805,13642,16278,-0.3910278543543653,0.46289766896247,30381,5289,13162.34,15243.07,13101.72,14754.13,92020756.98,3.1187e+17,9.737907664478973
2018-01-03,0.11908670998486816,46443,7181,15941,17906,-0.3972265330148406,0.485406099669456,31033,5415,14891.64,15435.01,14579.71,15156.62,9320000000220162.0,3.2085e+17,2.727981927772105
2018-01-04,0.09178941263240412,54082,10157,18234,19254,-0.4113738243081948,0.467997816133589,35650,6437,15156.49,15408.66,14244.67,15180.08,2328482386.4599996,3.4738e+17,0.15478385022518193
2018-01-05,0.10587958684118774,37567,6543,12599,13840,-0.38108497160337823,0.4726043224143777,23704,4585,14983.22,17126.95,14876.8,16954.78,112688953.13000004,2.1101e+17,11.69097923067599
2018-01-06,0.12257780428373365,26523,3984,8913,9209,-0.4028220559783855,0.4842178658824411,16022,4417,16535.7,17252.85,16286.57,17172.3,8853032.59,3.0317e+17,1.2829420375846778
2018-01-07,0.11292753168266968,21149,3426,6985,7397,-0.3985357864991892,0.48427134750180795,12835,3341,16525.68,16635.17,15791.13,16228.16,108325.23999999999,2.459e+17,-5.498040448862406
2018-01-08,0.09757847248950118,52472,9473,16953,18880,-0.38802855500113376,0.47971736653350466,33597,7166,16228.26,16302.92,13902.31,14976.17,97399542.21999997,2.9035e+17,-7.714922702265692
2018-01-09,0.07809975750156924,56306,11171,18318,19101,-0.4362693276816066,0.47873365094945464,36004,7716,14976.17,15390.28,14221.55,14468.5,7070000089521361.0,4.0935e+17,-3.3898520115623665
2018-01-10,0.08130995557309544,56892,10814,18520,19961,-0.4130338118790913,0.4623297703833766,36193,7597,14468.09,14919.49,13450.54,14919.49,118290932.89999998,4.0289e+17,3.1170473787883957
2018-01-11,0.041994311253987136,63934,14668,19618,20715,-0.4364545112094183,0.44633804389179593,41329,8933,14920.36,14979.96,12825.95,13308.06,429782.08999999997,3.4418e+17,-10.800838366458908
2018-01-12,0.09745079897714003,54809,9687,18931,18638,-0.41042503974702593,0.4539660033836621,34845,7553,13308.06,14129.08,12851.91,13841.19,287371.1,3.1402e+17,4.006068502847149
2018-01-13,0.11562137350403145,42915,6718,14619,14715,-0.40936204080053235,0.4728858756961342,26653,6863,13841.19,14595.04,13830.28,14243.12,313355161.53,4.8586e+17,2.9038688147478675
2018-01-14,0.09899912844846338,40320,6689,12865,14112,-0.4016530207569662,0.46950212805451597,25013,6654,14244.12,14415.67,13031.91,13638.63,8790000297688785.0,4.0827e+17,-4.244084161335449
2018-01-15,0.08393286807424243,47899,8523,14640,17669,-0.39531021855754894,0.46259868863517367,32211,7067,13638.63,14355.82,13416.71,13631.98,1012715307.0700002,4.9698e+17,-0.04875856299348946
2018-01-16,0.046774976483212424,68998,15607,20744,25432,-0.4337452030174876,0.4676900713598551,42712,7215,13634.6,13648.84,10032.69,11282.49,215754784.70000005,3.0896e+17,-17.23513385436305
2018-01-17,0.052291883381411504,63760,14076,19723,24559,-0.4264610036717257,0.4595420693591132,39133,5402,11121.53,11564.03,9205.38,11162.7,2.90000000005968e+16,1.4131e+17,-1.0617337130367388
2018-01-18,0.07993004094473953,60219,11537,19751,21812,-0.44727735551522346,0.4766050741163328,38718,7119,11162.7,12018.43,10642.33,11175.52,555447.7600000001,1.7412e+17,0.11484676646331682
2018-01-19,0.07740058835104112,54396,10452,17358,19404,-0.42994500210537384,0.46783314853484465,35995,7181,11175.52,11780.49,10867.18,11521.76,1.490000163818398e+16,5.0088e+17,3.098200352198366
2018-01-20,0.10875014542127254,42628,7163,14549,13921,-0.4194052704274513,0.4721301515411093,26704,6995,11521.82,13031.04,11502.11,12783.94,11151556.850000001,5.2388e+17,10.954749968754784
2018-01-21,0.10471515094411507,40449,5978,12856,13726,-0.4283617746874815,0.47052791156989593,24322,7889,12783.54,12787.35,11101.73,11549.93,144593043.95,3.8667e+17,-9.652814390555653
2018-01-22,0.07801913589684399,52717,9689,16318,19210,-0.41794090946433804,0.4665235141348323,35037,7500,11549.98,11913.74,10067.76,10814.52,139264121.6999999,4.3076e+17,-6.3672247364269685
2018-01-23,0.09017598930518876,58020,10778,19517,20237,-0.40864012680201833,0.4606721980628803,39455,7488,10814.52,11388.52,9980.5,10858.23,14958881.959999997,4.2352e+17,0.40417882624470547
2018-01-24,0.10820505283208577,58615,10228,21426,19598,-0.3968890223022046,0.4464028872097486,39459,7363,10853.78,11531.6,10506.55,11429.02,240349758.19,1.9266e+17,5.2567499491169345
2018-01-25,0.10911710865583073,57313,9438,19923,20911,-0.4039778009786059,0.46399141783554776,39142,7041,11428.11,11741.92,10930.34,11175.87,22915492.959999993,3.0814e+17,-2.214975562209176
2018-01-26,0.09343774097086642,37302,6982,11926,13348,-0.42027954451217325,0.49813378793630625,25645,5046,11077.52,11242.36,10346.86,11104.2,293227.58,2.1256e+17,-0.6412923557629124
2018-01-27,0.12057946696100635,40280,6423,13977,14004,-0.43837476902808686,0.49972922933808955,27156,5876,11104.34,11638.69,10879.2,11459.71,674550890.18,3.027e+17,3.2015813836205886
2018-01-28,0.11729460251754227,39412,6503,13345,13237,-0.4223438800389914,0.4973134478113989,26358,6327,11460.39,12064.19,11407.94,11767.74,448706537.8200001,4.2112e+17,2.687938874543949
2018-01-29,0.07894365619492635,36270,6113,10896,13441,-0.4531605392153447,0.47730745632587995,24824,5820,11257.69,11420.78,11089.52,11233.95,7390000318919634.0,3.7716e+17,-4.536045153954782
2018-01-30,0.07648150055392047,54193,9344,15930,20699,-0.42947555347457755,0.4740305480614205,35933,8220,11234.32,11263.7,9871.21,10107.26,440056533.28999996,3.7163e+17,-10.029330734069497
2018-01-31,0.07047489568593468,55502,9808,16735,20334,-0.4515651358387281,0.4655016201573177,37223,8625,10107.4,10377.96,9698.13,10226.86,377110.74999999994,2.4844e+17,1.1833078401070063
2018-02-01,0.047383210703875786,61412,13978,18588,21456,-0.44083554222367205,0.46895116463591296,39206,7390,10205.43,10280.84,8726.95,9114.72,3.6900003722563976e+16,3.7424e+17,-10.874696632201875
2018-02-02,0.04635052246636927,71403,16373,21990,25210,-0.4324523683618908,0.4611498613539701,45556,7830,9114.73,9147.93,8065.59,8870.82,1.2140004502388152e+16,1.34138e+17,-2.6758913054926503
2018-02-03,0.08454596671213538,48664,9187,15938,17358,-0.43342889955507297,0.47546989608474693,32356,6181,8872.87,9504.37,8194.68,9251.27,39867364165.9,1.5871e+17,4.2887805185992
2018-02-04,0.09371751334754759,44837,8336,14925,15524,-0.419647692343734,0.47634989032151176,29170,6052,9251.27,9400.99,7889.83,8218.05,121489615.45,4.2604e+17,-11.168412553087315
2018-02-05,0.07001888058824642,49238,11658,17648,15312,-0.4061416597538705,0.44951682039323304,29762,4620,8218.05,8367.27,6736.82,6937.08,625525.22,1.0643e+17,-15.587274353405
2018-02-06,0.05141449530984935,103610,19926,29597,48134,-0.4329935665979725,0.4626827524377601,65887,5953,6936.43,7932.38,5968.36,7701.25,1262258.64,2.8327e+17,11.015729961309372
2018-02-07,0.08567939192579524,79556,12435,23393,36103,-0.4115178379098921,0.48180951385588044,54795,7625,7701.25,8572.68,7208.86,7592.72,4511584201.39,1.54648e+17,-1.409251744846618
2018-02-08,0.08802762359229173,73966,10599,21400,32445,-0.4246941703338806,0.47453716765078185,50143,9521,7593.78,8643.94,7590.48,8260.69,613839.9899999999,1.7711e+17,8.797506032093905
2018-02-09,0.07848871281703328,70431,11192,20045,29891,-0.41469706702773745,0.47167522404848977,48476,9303,8259.26,8740.51,7775.36,8696.83,1.9600000349610212e+16,1.3579e+17,5.279704237781591
2018-02-10,0.07665873617666712,58622,9109,16211,25483,-0.4251026211846005,0.47817794078334575,40288,7819,8696.83,9081.49,8176.25,8569.29,549873.89,2.6633e+17,-1.466511361036138
2018-02-11,0.08636435253897182,55630,7012,15098,25306,-0.42501070978578337,0.4688238476403906,37858,8214,8569.32,8573.35,7862.31,8084.61,687566746.33,1.3541e+17,-5.656011174788123
2018-02-12,0.10008611681005149,66722,8103,19292,30188,-0.4102008837719205,0.4716423273337837,46687,9139,8084.61,8997.34,8084.41,8911.27,1.6500002316744928e+16,5.7059e+17,10.225106715104392
2018-02-13,0.10330398177805354,53838,8358,17777,19736,-0.41816885174509005,0.4617729658984649,36570,7967,8911.17,8955.15,8379.35,8544.69,1086455013.0900004,5.5843e+17,-4.113667299947144
2018-02-14,0.09758382336225253,62483,8493,18453,27809,-0.42953783432138637,0.48783879452812295,41956,7728,8621.23,9508.22,8618.42,9485.64,1.340000034622373e+16,5.1729e+17,11.012102252978151
2018-02-15,0.0796404754662284,67030,9966,19455,29583,-0.44243524482887503,0.47262732780074973,45797,8026,9485.64,10223.58,9363.38,10033.75,671729.8200000001,1.42796e+17,5.778313324140494
2018-02-16,0.09831137508277374,67375,9052,19615,29542,-0.4419097762256104,0.49677414366178924,47140,9166,10033.75,10303.14,9720.38,10188.73,46384306746.56999,1.5181e+17,1.5445870188115052
2018-02-17,0.1073480755276875,55052,6059,15271,24610,-0.4308667316422687,0.4944201661154764,37505,9112,10188.73,11119.45,10074.07,11097.21,1.4500000198896728e+16,1.21336e+17,8.916518545490938
2018-02-18,0.08095937583794253,28922,4778,8593,10404,-0.4260925254033596,0.47615650226186346,19179,5147,11097.21,11131.93,10161.01,10417.23,1.400000000043766e+16,7.635e+16,-6.127486097857027
2018-02-19,0.10468975018592809,32007,5079,10339,11611,-0.41906406171580746,0.47865308276396606,22214,4978,10846.15,11265.96,10740.28,11182.28,12225767.589999998,2.9129e+17,7.344082832000454
2018-02-20,0.11148000386116168,49938,7731,17492,17573,-0.4230064717819419,0.45886927363840385,33977,7142,11182.28,11802.23,11130.95,11256.43,551013.1799999999,5.6339e+17,0.663102694620421
2018-02-21,0.10483123127761289,47300,6990,15576,17690,-0.4015103363232475,0.4554254621707497,32282,7044,11256.78,11295.58,10256.21,10481.66,44046721845.509995,8.2216e+16,-6.882910478721948
2018-02-22,0.08810468641697722,47121,8007,15115,16857,-0.44490455053922284,0.46837373930644083,32425,7142,10481.66,10941.57,9757.19,9847.96,13334702702.769999,1.33819e+17,-6.045798089233967
2018-02-23,0.1108868191920445,42578,6210,14022,16150,-0.40132644276133017,0.4689526062647808,29941,6196,9847.96,10420.67,9604.0,10175.51,176595626.31000003,1.11264e+17,3.3260695616148084
2018-02-24,0.11462246932261176,36495,5234,12091,13245,-0.39794209115227885,0.4598274087370176,25130,5925,10175.51,10528.0,9396.54,9705.73,466686.99000000005,4.7159e+17,-4.616771051279011
2018-02-25,0.13572239875055409,1780,241,667,512,-0.4218663346883468,0.4455911092530669,1172,360,9621.1,9712.72,9570.94,9610.11,25704.510000000002,8.31e+16,-0.9851912220925074
2018-02-26,0.1093106236550471,38127,5328,12719,14373,-0.40889870959446917,0.4523280089461312,26788,5707,9645.96,10457.51,9411.82,10326.5,147106953.55,2.6182e+17,7.454545265350765
2018-02-27,0.09707529960558585,49208,7910,15680,18042,-0.4239200891683164,0.4684613292290239,33938,7576,10326.5,10879.38,10154.24,10594.76,230863874.47,4.48116e+17,2.5977824044932873
2018-02-28,0.0978148058512032,46854,7497,15096,17282,-0.4182584032416279,0.4673151016840405,32385,6979,10594.76,11067.76,10303.14,10334.44,454038.9200000001,2.65533e+17,-2.457063680536409
2018-03-01,0.10027433560289664,44440,6506,13912,16248,-0.42534583917071483,0.4630189102373547,30083,7774,10334.44,11090.3,10247.56,10929.37,396439.62999999995,4.75337e+17,5.756770565216884
2018-03-02,0.01690463510848127,1168,344,294,376,-0.3656758720930227,0.4861693877551016,839,154,11127.77,11138.88,10977.63,11043.12,140542776.0,3550000000000000.0,1.0407736219013586
2018-03-03,0.13169311339341203,3671,523,1226,1168,-0.41953571613944246,0.49444075385169967,2261,754,11326.17,11479.81,11289.81,11465.36,34763.18,1.072e+16,3.823557110671616
2018-03-04,0.0902096179183134,931,161,290,308,-0.4472763975155281,0.4844158620689651,587,172,11417.53,11527.95,11417.34,11527.57,13282.2,3250000000000000.0,0.5425908998932361
2018-03-05,0.0900072623594631,43619,6986,13464,16243,-0.4241510087009628,0.46789791815367293,30378,6926,11503.94,11694.15,11431.55,11440.73,1003013365.2800001,4.1682e+17,-0.7533244213654755
2018-03-06,0.10894040278125343,24445,3758,7953,8683,-0.4093000257570642,0.470971096673589,16452,4051,10968.61,11037.55,10589.28,10699.05,249645.06,1.6184e+17,-6.482803107843649
2018-03-07,0.0790506006858025,19541,3729,5808,7448,-0.38488528253329346,0.4741665912321031,13178,2556,10682.75,10732.93,9653.34,9895.98,5.940000000027473e+16,9.883e+16,-7.5059935227894
2018-03-08,0.08227159714986189,48214,8249,14434,17611,-0.41575562049433895,0.46642039688454434,31371,7920,9928.56,10119.21,9086.85,9312.57,595715.6000000001,1.5858e+17,-5.8954242025549775
2018-03-09,0.07759252719611563,47604,8672,14876,16247,-0.4242926648477352,0.4567384155663592,31298,7809,9316.77,9433.38,8393.45,9279.12,698598.8299999998,1.6184e+17,-0.35919193090627743
2018-03-10,0.07097544207377132,36091,6285,10836,11927,-0.4832807763601415,0.4750944818627724,22992,7042,9252.76,9518.62,8727.43,8797.27,530622926.81999993,3.1928e+17,-5.192841562561967
2018-03-11,0.09608742558634206,36309,5290,10520,12598,-0.4499516639281687,0.4867277143878909,22446,7901,8797.27,9735.64,8484.32,9532.58,604749.75,3.8278e+17,8.358388454600107
2018-03-12,0.08991223155223141,46743,7141,13705,17633,-0.4324934292346652,0.4752395836921219,31363,8264,9543.98,9907.41,8796.52,9122.83,608019419.4,1.21371e+17,-4.298416588163956
2018-03-13,0.10012179335183603,45200,6387,12966,16795,-0.4109696379876841,0.4817686946493261,29854,9052,9142.27,9486.12,8856.65,9153.35,851514094.92,7.4579e+16,0.33454531104932794
2018-03-14,0.06614683230513489,49799,8382,13797,18308,-0.4471673663666913,0.47096092595970496,32443,9312,9160.12,9360.66,8003.27,8233.6,591500.0599999999,3.43972e+17,-10.048233706784949
2018-03-15,0.08119059055966169,48995,8084,14680,17887,-0.4278304086339914,0.4630926645352857,32508,8344,8216.22,8411.7,7698.47,8285.49,645716898.2899998,1.02214e+17,0.6302225029148678
2018-03-16,0.0745258835526149,46845,8830,14485,16539,-0.41402201671486044,0.45793724990932877,32717,6991,8267.95,8616.63,7924.11,8321.5,160558986.67,4.4059e+17,0.43461521286007887
2018-03-17,0.09423051561030955,37836,5674,10964,14462,-0.4061572986738551,0.47777610979044843,25488,6736,8283.23,8339.48,7785.97,7883.45,1493012123.0699997,4.9727e+17,-5.2640749864808045
2018-03-18,0.08495984119763608,37813,6447,11726,13542,-0.4245167035592286,0.4675178502164532,24116,6098,7882.67,8299.86,7318.46,8215.4,737427.4599999997,3.40919e+17,4.210719925920747
2018-03-19,0.09192717402573193,44084,7568,13678,16338,-0.3880516880885205,0.4665251965229269,30755,6499,8215.5,8725.6,8129.66,8623.14,747639867.39,1.7594e+17,4.963118046595416
2018-03-20,0.08671092143291038,41824,7333,13244,15041,-0.4310851883285247,0.4725877750315561,29188,6206,8623.14,9056.23,8339.8,8920.71,381133400.66999996,3.11514e+17,3.45083113575797
2018-03-21,0.07847241126707521,45757,7683,13576,17495,-0.4348738773754515,0.47360515823986815,31837,7003,8920.53,9184.51,8778.69,8934.95,1723689165.1100001,3.00232e+17,0.15962854974549412
2018-03-22,0.08966722665838528,41612,6628,12845,15758,-0.42603837219575486,0.4666596478864263,28699,6381,8911.37,9107.0,8500.88,8724.98,1923082417.2800002,5.5517e+17,-2.3499851705941377
2018-03-23,0.08782642888951908,37476,5852,10846,14360,-0.40147959531771354,0.4715239466392909,25497,6418,8724.98,8888.07,8307.58,8880.79,598264262.69,2.15619e+17,1.7857920591222154
2018-03-24,0.11582230671020181,32619,3790,9574,13075,-0.38842679576637923,0.4733801510571544,21491,6180,8935.51,9036.23,8592.25,8605.27,3350194847.29,6.01773e+17,-3.1024266985256954
2018-03-25,0.12490993808354992,29409,3469,9132,10857,-0.3955856204261578,0.4720762111497692,19285,5951,8548.39,8690.36,8395.85,8480.04,2094178118.81,2.91879e+17,-1.4552710141575997
2018-03-26,0.10010742732642887,37045,5519,11645,13818,-0.427791115311202,0.4726173809707965,25195,6063,8472.56,8521.04,7869.27,8152.2,263086583.12999997,5.31244e+17,-3.8660194999080355
2018-03-27,0.10853584422835051,37855,5445,12262,13826,-0.4191922202396659,0.4645496578964216,25527,6322,8152.18,8226.24,7752.3,7818.95,2399992841.2400002,5.79863e+17,-4.0878535855351945
2018-03-28,0.09775577973495984,37419,5416,11574,13864,-0.44162515260704877,0.4702610700789955,24951,6565,7808.42,8115.99,7752.6,7949.13,6881192492.969999,4.509e+17,1.6649294342590881
2018-03-29,0.08064179992992483,39998,6790,11936,14461,-0.4326466467159326,0.46972468697062025,25726,6811,7959.78,7983.77,6927.11,7106.62,285501482.23999995,4.9177e+17,-10.59876992828146
2018-03-30,0.0803715690890948,39220,7033,12043,14073,-0.4231310448294854,0.4677548329793027,25413,6071,7106.62,7280.27,6595.26,6853.76,207592721.16,1.39012e+17,-3.5580909067883137
2018-03-31,0.08947995263268792,31121,4989,9341,10899,-0.4314314551254907,0.47153992217407903,20245,5892,6853.75,7228.4,6806.34,6946.36,530249519.85,2.0685e+17,1.351083201045844
2018-04-01,0.09351742383980664,30870,4773,9669,10784,-0.4268101880809812,0.4561984443898046,20023,5644,6943.77,7056.22,6463.54,6815.15,1137699583.15,6.56811e+17,-1.888902965006134
2018-04-02,0.10404623678699487,36501,5252,11626,13902,-0.432212282149687,0.4737415573429842,25383,5721,6835.58,8218.66,6792.3,7074.6,14723796490.21,3.2844e+17,3.8069594946553043
2018-04-03,0.09459993084683915,27237,4738,8553,9802,-0.4239670012344652,0.4885738028294809,18978,4144,7353.98,7528.97,7297.16,7438.36,358748.00999999995,4.0227e+17,5.141774799988674
2018-04-04,0.09719250639887161,36284,5361,11245,13679,-0.44573383197724525,0.4750336948925687,24299,5999,7434.3,7442.42,6727.09,6815.5,533250.0199999999,3.5097e+17,-8.3736199915035
2018-04-05,0.07364703846522465,38237,6612,11211,14209,-0.4385567861657642,0.469598619449526,25648,6205,6815.5,6933.66,6602.38,6823.81,21435394925.43,1.3865e+17,0.12192795833028125
2018-04-06,0.08280701993859722,37778,6337,10929,13636,-0.40086475654906767,0.46674376163824616,25037,6876,6790.45,6869.53,6527.07,6633.14,1018446930.04,6.9715e+17,-2.794186825248657
2018-04-07,0.08881452902661376,31524,4865,9713,11390,-0.42379116537503975,0.45316126998696155,20754,5556,6634.86,7083.85,6624.47,6921.33,1077349294.6000001,5.8887e+17,4.3446994937540895
2018-04-08,0.10195227402837861,34563,5386,10995,12411,-0.4249368760516279,0.4770624211699208,20496,5771,6917.2,7130.14,6911.02,7041.45,29104491882.93,2.1971e+17,1.7355045923254542
2018-04-09,0.10013404513991843,39399,5918,12202,15140,-0.41725953168290814,0.4761939333262211,25180,6139,7049.92,7204.28,6633.69,6787.03,3160632738.15,2.68315e+17,-3.613176263411655
2018-04-10,0.09332042724238342,39156,6868,12243,13875,-0.4191822265977419,0.4874327356132056,25234,6170,6789.53,6922.84,6676.72,6863.53,3691724261.83,4.47588e+17,1.1271498726246998
2018-04-11,0.09532432729701379,39276,5707,11592,15664,-0.4122637635264046,0.47437430065506886,26942,6313,6871.07,6999.37,6839.16,6990.2,2412067617.4899993,3.16734e+17,1.8455517787494102
2018-04-12,0.0929139556207103,46190,7131,13814,18268,-0.40362082861873233,0.47069957769563303,30005,6977,6977.04,7987.82,6791.33,7928.66,489375194.86999995,2.73361e+17,13.42536694229064
2018-04-13,0.0939791336690603,42055,6619,13404,16053,-0.4068271382960467,0.4596622400931701,29184,5979,7927.73,8237.16,7758.8,7894.25,164094350.52000007,1.47709e+17,-0.4339951517658758
2018-04-14,0.10077370217727066,32629,4649,10220,12016,-0.4271471278414052,0.46252381895222155,22237,5744,7898.74,8195.34,7841.19,8009.8,987678885.0800002,5.06238e+17,1.4637235962884354
2018-04-15,0.12081842958080356,32856,3895,10513,12688,-0.4198445143605443,0.4675632071099663,21885,5760,8022.51,8437.03,8021.04,8386.64,2381343828.19,5.18332e+17,4.704736697545497
2018-04-16,0.10605261517110745,38242,5520,11789,14616,-0.4110216444034735,0.4804296376458313,26689,6317,8376.73,8430.93,7929.24,8077.68,981001906545663.4,6.19826e+17,-3.683954479982443
2018-04-17,0.10937404338147354,38158,5169,11902,14259,-0.42860051567537133,0.47275977940058017,25985,6828,8079.77,8187.6,7858.12,7915.33,796106032.1099999,4.7504e+17,-2.009859266522074
2018-04-18,0.06965419997711231,42225,7489,12266,15060,-0.45283234078306234,0.47484024643244394,29055,7410,7921.65,8246.57,7908.92,8181.61,661177991.7099999,3.8637e+17,3.3641048446495514
2018-04-19,0.08617220201203556,40474,6641,11721,14542,-0.4270100796416579,0.4819812012506759,27555,7570,8189.92,8320.98,8136.42,8312.87,661246929.3099998,6.0008e+17,1.604329710167085
2018-04-20,0.11420227023484256,38544,5034,12187,14128,-0.43155087807129755,0.4758260720975278,25475,7195,8301.82,8945.14,8243.49,8877.08,566840550.0200001,5.51944e+17,6.7871866154529
2018-04-21,0.12654592436248743,32870,3957,10283,12127,-0.4135981194171479,0.48236913697062506,21515,6503,8877.15,9047.82,8631.18,8935.72,217803073.84000003,2.20894e+17,0.6605775773114608
2018-04-22,0.12643659015244213,33676,3792,10254,12306,-0.41545917687239226,0.4789666586571777,21021,7324,8935.85,9043.98,8788.44,8823.36,1261745933.0899997,7.94782e+17,-1.257425255043787
2018-04-23,0.09479885854595477,39833,5421,11595,15453,-0.4247800401753108,0.46696492151876073,26686,7364,8823.46,9025.73,8804.2,8968.25,626160070.05,2.9626e+17,1.6421181953360175
2018-04-24,0.08749208424643726,45379,7380,14316,15856,-0.4328723053441436,0.4543070299248034,29524,7827,8967.86,9741.91,8957.68,9682.82,181668548.33,5.40668e+17,7.967775206980177
2018-04-25,0.09827981235056446,39989,5860,12295,14914,-0.4210467454896238,0.46374005237704186,26377,6920,9657.69,9765.23,8757.06,8853.32,728731.78,1.6387e+17,-8.566719199572026
2018-04-26,0.10471296253075896,35677,5035,11261,12786,-0.4052109094501084,0.4511657699957467,23154,6595,8873.57,9315.13,8669.38,9282.12,326944637.8000001,1.84962e+17,4.843380788224083
2018-04-27,0.10989960364387939,33331,5179,10482,11128,-0.38097484949054633,0.47017022854462526,20626,6542,9289.01,9385.87,8933.01,8934.0,434223585.28000003,5.7399e+17,-3.7504363227366277
2018-04-28,0.11526846544185461,28185,3515,8225,10014,-0.4023634387519837,0.47592670503563766,17101,6431,8938.47,9435.9,8892.52,9355.75,571389526.28,5.5996e+17,4.720729796283862
2018-04-29,0.10745664848222036,27674,3670,7861,9650,-0.4190565404297761,0.48586110691845025,16815,6493,9349.94,9552.67,9189.07,9413.54,594602756.0300001,3.2313e+17,0.6176950004008308
2018-04-30,0.1072830595935741,31382,4230,9234,11323,-0.40174114258859767,0.4736208421205304,19571,6595,9407.35,9459.81,9133.6,9241.25,968000224331962.9,4.0403e+17,-1.8302360217304137
2018-05-01,0.11303503440614747,32474,4620,10132,11109,-0.4407973001837575,0.4900104886249183,20454,6613,9248.25,9251.66,8851.1,9087.93,1504761968.8999999,3.2634e+17,-1.6590829162721477
2018-05-02,0.11884987356344866,35627,4671,10781,13235,-0.38230866976449995,0.48142783526312966,22516,6940,9077.28,9271.62,8237.38,9229.04,985000610690087.5,3.35476e+17,1.552718825959265
2018-05-03,0.10812027036732774,36881,4828,10688,15172,-0.396815042955824,0.4895093366025914,24122,6193,9232.19,9817.19,9172.28,9745.04,372379545899.21,4.25502e+17,5.591047389544301
2018-05-04,0.12808488451280203,34793,4376,11440,12946,-0.4166625121121487,0.48910388286180706,22278,6031,9746.26,9785.15,9547.21,9702.65,2084965177.8799994,3.34703e+17,-0.4349905182533975
2018-05-05,0.08321756844710304,32381,5234,9325,11268,-0.4505619223980468,0.4839238021828138,19054,6554,9700.37,9968.85,9687.09,9839.32,485796133.73,3.159e+17,1.4085842527556958
2018-05-06,0.07565766840963456,29529,4814,8021,10005,-0.4477621067079824,0.4857362977221184,17415,6689,9846.44,9936.96,9441.93,9641.53,1495899513.61,4.5302e+17,-2.010199891862441
2018-05-07,0.047937844191144066,37281,7818,10107,12833,-0.41414193862977117,0.46420355709769456,24085,6523,9643.99,9662.23,9202.13,9381.18,349150440.15,4.8343e+17,-2.70029756687995
2018-05-08,0.08865505148903162,40079,5957,12005,15068,-0.4103329516695155,0.45419257488101733,26218,7049,9377.08,9472.09,9063.07,9209.26,870000243135434.8,2.8565e+17,-1.8326052799327974
2018-05-09,0.11499125443074727,33924,4201,10205,13105,-0.398926084444953,0.4727975792150666,22004,6413,9196.13,9373.46,8987.27,9321.16,299560723.99,4.3252e+17,1.2150813420405138
2018-05-10,0.12028213191654746,35534,4257,10928,13279,-0.39488345684723986,0.471654645246496,22832,7070,9321.52,9393.95,9017.13,9041.64,630992713.13,4.1019e+17,-2.998768393633411
2018-05-11,0.09869021726004668,37161,5483,11128,13818,-0.39563237972136284,0.46615439818971094,23955,6732,9032.22,9032.27,8363.5,8429.49,474240.70000000007,5.8556e+17,-6.770342548475716
2018-05-12,0.10613755742876414,31893,3689,8486,11962,-0.4071386225551974,0.4795241361898244,19027,7756,8420.82,8651.67,8225.97,8479.89,1008470574.19,7.2632e+17,0.5979009406263058
2018-05-13,0.11047324518092608,30038,3801,8823,10630,-0.43832740317547936,0.4820219217364303,18379,6784,8488.07,8773.96,8354.08,8709.46,3134796060.709999,3.8788e+17,2.707228513577409
2018-05-14,0.11311404427061496,36922,4642,11115,13756,-0.4266578733422394,0.48280172602404364,23465,7409,8709.46,8883.0,8312.72,8686.76,1688359580.57,4.249e+17,-0.2606361358798215
2018-05-15,0.12502902759842252,37569,4008,10583,14951,-0.3892462754920789,0.4981966446493784,23690,8027,8672.88,8848.69,8441.25,8480.16,671225575.0799999,3.7578e+17,-2.3783320823874576
2018-05-16,0.12362462557906052,36901,4233,11363,13354,-0.40788168455026136,0.4712801409271457,22791,7951,8480.16,8501.65,8119.17,8346.17,5116341557.46,4.0282e+17,-1.5800409426237172
2018-05-17,0.11751003019996677,38155,4772,11800,14179,-0.3998864780636365,0.4683167644107138,24366,7404,8342.69,8476.45,8015.77,8079.35,699062059.4499998,3.9e+17,-3.196915471407835
2018-05-18,0.10138677586283443,36581,5396,10630,13395,-0.3817225323578095,0.4727724089038407,22948,7160,8071.04,8280.45,7940.35,8244.29,691149615.59,3.905e+17,2.041500863312029
2018-05-19,0.12075315529473643,27846,3361,7989,9544,-0.3784651127881536,0.47480804906606616,16626,6952,8247.91,8397.27,8160.8,8241.48,931011112392322.0,3.6777e+17,-0.034084196455985705
2018-05-20,0.11681357187074748,27705,3277,7870,9232,-0.40269884024088515,0.4707451589049541,16687,7326,8249.24,8591.45,8181.46,8526.73,964670083.32,3.3009e+17,3.4611501817634727
2018-05-21,0.10080940073576168,31759,4467,9118,11114,-0.4211789597459248,0.4811778816831753,20291,7060,8533.22,8585.85,8347.88,8415.73,448330590.59,1.7051e+17,-1.3017886106397203
2018-05-22,0.12647521438501175,35114,5025,10576,11898,-0.3858009898901897,0.5135076807301212,21738,7615,8419.67,8428.6,7962.43,7996.56,1314214345.97,3.0972e+17,-4.980791921794059
2018-05-23,0.11246024037951811,37689,5689,11683,12696,-0.39969078243174705,0.485811707709618,23584,7621,7992.75,8031.63,7460.66,7519.51,164512255.38000003,3.3059e+17,-5.965690246806132
2018-05-24,0.03772867983296839,37351,7943,10251,11433,-0.4579577426354131,0.47514856387417775,23949,7724,7505.77,7729.48,7283.77,7575.57,226457842.23000005,2.56734e+17,0.7455273016459874
2018-05-25,0.08010027130513749,32828,5458,9370,11077,-0.4390389642321038,0.4769491067102183,21443,6923,7584.78,7652.37,7347.96,7432.83,854559734.79,3.4108e+17,-1.8842146531548143
2018-05-26,0.11075206017352618,28128,3464,8034,9277,-0.446060431260997,0.47915020707336414,17166,7353,7475.36,7626.69,7314.71,7352.94,5520001913877575.0,3.4744e+17,-1.074826142936136
2018-05-27,0.11933251319581709,28275,3456,8324,9807,-0.4291985378108228,0.48888805771040494,17588,6688,7355.06,7420.07,7256.67,7374.09,3303361138.51,4.3979e+17,0.2876400460224193
2018-05-28,0.10534567701206268,33288,5448,9946,11458,-0.4190086090505673,0.5074554460673024,21979,6436,7362.23,7455.55,7092.91,7122.96,643550769.2299999,4.4665e+17,-3.4055727554179627
2018-05-29,0.09839303184606626,31957,4899,9456,10966,-0.41072778782547453,0.47578633619429006,20090,6636,7118.88,7533.03,7069.01,7468.75,166618246.55,5.318e+17,4.854582926199225
2018-05-30,0.12402824488354987,30888,3880,9700,10833,-0.4277886353956469,0.485639408304843,19775,6475,7474.75,7571.08,7295.78,7394.56,748155826.6300001,3.3471e+17,-0.9933389121338898
2018-05-31,0.14982883337813138,24198,2639,8523,8601,-0.4083944460631602,0.47519249817206355,16318,4435,7581.29,7608.87,7440.77,7501.15,1771376837.66,1.7376e+17,1.44146507702958
2018-06-01,0.12690149837968184,32645,3989,10260,11990,-0.41033159437610367,0.48216348248496343,20843,6406,7501.74,7614.66,7370.27,7534.94,827140727.78,5.8109e+17,0.45046426214647717
2018-06-02,0.13710243218402723,26783,2639,8035,10172,-0.41337088312817577,0.49149545231266467,16416,5937,7530.55,7697.34,7467.79,7645.51,1278313340.24,5.0696e+17,1.4674303975877878
2018-06-03,0.1339663918966304,27138,2850,8243,9697,-0.4197252520654194,0.48213253212074947,16617,6348,7643.26,7774.96,7606.76,7719.75,1478481402.2999997,4.2823e+17,0.9710274396345087
2018-06-04,0.1158066695429875,30913,4004,8921,10982,-0.39670021407453976,0.48728761411607974,18963,7006,7719.73,7760.73,7469.21,7509.5,327133251.65,3.9365e+17,-2.7235337931927894
2018-06-05,0.09802288085803282,33975,4788,9470,13254,-0.38660503103946825,0.478117217618522,22284,6463,7503.32,7672.7,7394.97,7625.04,1224326496.22,3.5981e+17,1.5385844596844
2018-06-06,0.11902506101008761,33403,4145,10440,13158,-0.4227486187817419,0.48503778300565187,22507,5660,7629.4,7701.35,7504.98,7662.87,631369165.71,3.6792e+17,0.49612854489944347
2018-06-07,0.1321301279540536,30977,3405,9780,12219,-0.39488867527567373,0.4800906179128089,20416,5573,7661.79,7755.92,7651.13,7696.88,738139811.1199999,3.8419e+17,0.4438284872378073
2018-06-08,0.11423026559686238,30087,3678,8939,11756,-0.40574969400950706,0.479586751840529,19855,5714,7700.4,7709.61,7559.5,7630.7,2471349918.04,2.4121e+17,-0.8598289176913299
2018-06-09,0.12569450582878397,26160,2806,7585,9658,-0.4185619990093865,0.4844900281420916,16218,6111,7627.56,7691.74,7503.66,7505.63,623896372.8299999,4.8399e+17,-1.6390370477151417
2018-06-10,0.10110751553049109,28409,3967,8330,10195,-0.4347997604585157,0.4812807297812043,17042,5917,7513.76,7514.04,6661.98,6759.35,483844343.0,5.1304e+17,-9.94293616924895
2018-06-11,0.0476921608781586,36000,7239,9878,13073,-0.43910968806433903,0.468712888066418,24357,5810,6773.72,6913.85,6652.89,6884.57,397152579.53000003,1.3086e+17,1.8525449932315974
2018-06-12,0.08518963107562809,31483,5144,9042,10552,-0.4308761295460429,0.4786284422577283,19521,6745,6887.43,6888.33,6462.61,6556.45,789055307.42,4.7146e+17,-4.766020245273128
2018-06-13,0.0670623795549457,36950,7432,11191,12808,-0.40885030369012537,0.46227192200039163,24626,5519,6556.94,6623.0,6242.03,6310.51,2269159885.89,3.3066e+17,-3.7511153139275
2018-06-14,0.07216325588223244,35660,6471,9941,13582,-0.3921089315077344,0.4707652355959113,24200,5666,6310.43,6719.44,6286.23,6643.86,1271609456.21,9.8903e+16,5.282457360815518
2018-06-15,0.06289330898509281,31320,5772,8851,11691,-0.42900575849100503,0.4714279318201076,22226,5006,6643.63,6667.23,6380.69,6399.34,3026531780.5299997,2.861e+17,-3.6803906162983457
2018-06-16,0.08242745879813208,17466,2531,4886,6847,-0.438821923544558,0.46903863174779326,11824,3202,6470.11,6569.15,6345.99,6510.9,837192227.4300001,2.059e+17,1.7433047783052658
2018-06-17,0.10848775347098462,24486,3143,7196,9323,-0.4221458812426548,0.47863527551210877,16618,4824,6503.1,6585.77,6446.38,6466.29,1653777900.03,2.69942e+17,-0.685158733815594
2018-06-18,0.09551403625645102,31675,4663,9150,12733,-0.40040919886425413,0.4801093398849274,21826,5129,6457.78,6802.03,6401.41,6715.16,662729895.5600001,4.113e+17,3.848729333203438
2018-06-19,0.10891669211681247,31499,4198,9507,12169,-0.4024887760556668,0.47356956443002457,21550,5625,6714.56,6839.6,6672.2,6747.32,856930832.8600001,5.299e+17,0.4789163623800441
2018-06-20,0.09811029711591414,31466,4402,9519,12091,-0.4115986467022171,0.4568590373451143,21858,5454,6741.28,6817.9,6569.96,6760.47,988001111499343.5,3.813e+17,0.19489219423416415
2018-06-21,0.11088393799039359,30510,4048,9596,11524,-0.3997283468000841,0.46096892820446,21218,5342,6761.27,6790.08,6687.66,6728.66,929458513.1800001,2.6709e+17,-0.47052941585422614
2018-06-22,0.07729977418014407,33296,6231,9452,11821,-0.3884822038328563,0.4806229920859089,21196,5792,6720.64,6731.51,5941.32,6054.4,4.370000040487016e+16,2.0164e+17,-10.020717349368224
2018-06-23,0.09541796551197054,25823,3932,7421,9181,-0.4135526130285343,0.4839450657318172,15510,5289,6051.47,6257.88,6033.2,6165.35,5291861836.75,1.6601e+17,1.8325515327695774
2018-06-24,0.0782459385370015,27336,4789,7654,9902,-0.4148375512858087,0.4854879671266161,16971,4991,6166.36,6254.02,5782.13,6157.67,5.260000000063871e+16,1.3629e+17,-0.1245671373076962
2018-06-25,0.0735202899828622,31534,5261,8780,12835,-0.41891956477279274,0.47565801498742927,21777,4658,6157.78,6335.44,6095.25,6259.42,1058847839.17,2.484e+17,1.6524107332806182
2018-06-26,0.11033899755188784,29064,4135,8977,11051,-0.4077973461114794,0.48188316520922087,19321,4901,6260.4,6286.36,6067.49,6095.45,992352573.3599999,5.9538e+17,-2.6195717814110564
2018-06-27,0.10958692808897909,28883,4270,9086,10462,-0.41565406114467235,0.4773707178591388,18739,5065,6092.26,6192.11,6044.44,6148.82,2171307087.4500003,6.4142e+17,0.8755711227226959
2018-06-28,0.12061304290420082,28483,3655,9155,10777,-0.40445086729484075,0.4722824720215244,18625,4896,6141.57,6172.23,5844.26,5869.37,792555999.6999999,4.6996e+17,-4.544774444527566
2018-06-29,0.07728125733518579,30476,5801,8965,10711,-0.39822804558179525,0.48016335908446517,19374,4999,5870.81,6286.67,5813.02,6209.66,811648400.92,5.1049e+17,5.797726161410854
2018-06-30,0.12042781386094706,21275,2686,6609,8105,-0.40014963469326265,0.4801288339935086,13284,3875,6203.81,6503.33,6194.51,6393.51,9346553439.91,1.91911e+17,2.960709604068512
2018-07-01,0.11241729426659075,21588,2543,6377,8366,-0.4088486051194133,0.4732163114376256,13461,4302,6385.43,6429.5,6262.72,6346.19,2212986749.43,6.6842e+17,-0.7401255335488743
2018-07-02,0.10323635340594235,28825,4131,8996,10826,-0.4381175312724794,0.47497053007332507,18605,4872,6342.69,6673.71,6274.75,6609.09,217890799.39999998,4.0041e+17,4.142643066154661
2018-07-03,0.13275463738092444,26287,3362,8688,9406,-0.41475901180456126,0.48706043771713553,16663,4831,6616.6,6670.3,6473.48,6505.97,2594638446.089999,4.4719e+17,-1.5602753177820228
2018-07-04,0.12633658272047243,24869,3290,8009,8511,-0.42887344481976436,0.49059704179582136,15891,5059,6508.43,6777.97,6411.13,6578.33,1972119355.18,5.49732e+17,1.1122092478139223
2018-07-05,0.10129839550073465,25170,3564,7426,9180,-0.4103613339016266,0.47913513776840855,15767,5000,6589.77,6691.32,6448.23,6549.31,30576247720.92,1.80625e+17,-0.44114539708405287
2018-07-06,0.1112713528009078,26487,3406,8424,9635,-0.41002481043282607,0.44953671835183334,17355,5022,6534.81,6633.44,6458.14,6613.99,2889412105.75,2.14844e+17,0.9875849516971957
2018-07-07,0.11903678358917216,20191,2465,6097,7404,-0.40846347432451663,0.4765441081178352,12456,4225,6602.03,6814.42,6518.23,6784.73,1546195883.68,6.2297e+17,2.5814977041090037
2018-07-08,0.12627997405806413,20945,2161,6368,8034,-0.4125268923775188,0.47141619542242647,12745,4382,6758.08,6782.85,6684.15,6709.86,809999272.1,6.6491e+17,-1.1035074350784768
2018-07-09,0.11613410367179137,27388,3304,8678,10680,-0.4141322175455316,0.45914561707864926,18212,4726,6707.46,6803.1,6625.58,6664.85,861690230.26,3.02338e+17,-0.6708038617795231
2018-07-10,0.10062757009672281,26427,3952,8154,9596,-0.4140102526110889,0.47089724678581896,17243,4725,6668.84,6683.61,6277.23,6297.62,2028494633.2499998,1.5082e+17,-5.509951461773344
2018-07-11,0.12392616426428156,26194,3244,8407,10054,-0.418535644924329,0.48365180212050934,16944,4489,6306.87,6405.59,6293.68,6388.33,997103201.3599999,1.5584e+17,1.4403854154426687
2018-07-12,0.10479892402872465,27650,3763,7902,10353,-0.3963006005781687,0.4805392804042994,17384,5632,6394.36,6394.93,6084.0,6185.97,2327548996.3799996,1.32358e+17,-3.1676510136451896
2018-07-13,0.10698241252673653,28544,4217,8695,10650,-0.4010125737271934,0.47661820311309055,18079,4982,6253.66,6349.21,6131.54,6222.66,4332577039.06,1.09633e+17,0.5931163584692367
2018-07-14,0.10716609034143691,23337,3568,6990,8601,-0.3724708383675465,0.4828316826919645,15063,4178,6229.61,6332.46,6190.18,6273.52,2304737526.6499996,2.46183e+17,0.8173353517627602
2018-07-15,0.12088042190523912,21611,2501,6303,8393,-0.40793266296031394,0.4902393311293338,13298,4414,6268.32,6401.5,6245.75,6363.91,3182520411.3999987,5.02523e+17,1.440817914025927
2018-07-16,0.13714019114786707,30437,3866,10347,11197,-0.3949281094738289,0.4794645801736575,20182,5027,6364.26,6736.12,6349.83,6736.07,379040186.29,4.03657e+17,5.847977108412916
2018-07-17,0.15675195609270795,33750,3710,11955,12840,-0.40610194248934645,0.49619238018914075,21315,5245,6740.54,7391.3,6684.57,7337.52,6.970000036578171e+16,9.8646e+16,8.928796761316327
2018-07-18,0.15608348071696235,34676,4108,12654,13130,-0.4094616519560678,0.5061495117614362,23233,4784,7326.76,7590.65,7253.71,7358.8,932660734.9099998,1.50234e+17,0.29001624527087433
2018-07-19,0.16230661323727508,31306,3881,11088,10986,-0.3965652785783163,0.5200802381245371,20330,5351,7383.39,7563.7,7289.9,7476.94,382242579.09999996,1.37485e+17,1.6054247975213265
2018-07-20,0.16944806036400395,29027,3675,10763,9503,-0.39587906207367735,0.5133533455603102,18508,5086,7477.1,7676.55,7279.34,7332.46,742331930.3,1.5825e+17,-1.9323413054003313
2018-07-21,0.19142261175086,24703,2295,8944,8609,-0.4106610100080288,0.5326702807788056,15800,4855,7333.93,7453.07,7220.37,7406.21,1312863707.6299999,1.66125e+17,1.0058016000087378
2018-07-22,0.19350760854944873,24203,2454,9013,8285,-0.41113523059142115,0.5355295778502375,15589,4451,7405.4,7569.28,7345.25,7401.25,2565078821.61,4.82036e+17,-0.06697082583400071
2018-07-23,0.17282076759526735,31305,3870,11543,10746,-0.402970349483299,0.5305234606426367,20458,5146,7398.64,7798.59,7376.66,7713.23,946633652.23,1.16919e+17,4.215233913190342
2018-07-24,0.1605877353349303,38281,4581,14193,14153,-0.4224720710945238,0.5126718841156034,24746,5354,7718.0,8485.71,7692.16,8421.98,228922237.7,4.8841e+16,9.188757498479895
2018-07-25,0.17139015852340156,32678,3563,12055,11527,-0.3950925629506627,0.5052809154946498,21496,5533,8395.81,8481.11,8061.07,8162.74,1311833899.28,7.7171e+16,-3.078136020270761
2018-07-26,0.1406457020636011,33250,4838,11370,11331,-0.38515623502004065,0.5134483246364975,21610,5711,8170.37,8302.24,7862.67,7943.26,1920508713.0,1.19943e+17,-2.6888030244746175
2018-07-27,0.10631679767280414,32698,5760,10477,10341,-0.45613199112618247,0.5252295277445876,21314,6120,7937.1,8278.01,7806.25,8172.76,930029299.1600001,1.4514e+17,2.8892419485198717
2018-07-28,0.14770112822153234,26257,3382,8171,8780,-0.4324419249587141,0.5458393502623429,16234,5924,8182.88,8230.4,8070.04,8195.44,1520162065.9700003,4.714e+17,0.2775072313392357
2018-07-29,0.18713651939855758,24350,2415,8675,8683,-0.41475265126079935,0.5431635871223817,15598,4577,8230.82,8291.55,8123.53,8216.81,1792178934.07,3.2451e+17,0.26075476118425645
2018-07-30,0.17816376632544265,30804,3769,11285,10414,-0.38525299591971823,0.5333021934885046,20463,5336,8216.7,8273.61,7867.44,8188.44,954592646.9399999,2.6501e+17,-0.34526781074406543
2018-07-31,0.1333536847683363,28874,4727,10412,8797,-0.4290164437669337,0.500238394701325,18688,4938,8176.08,8176.27,7663.7,7750.18,401740736.12000006,1.77228e+17,-5.352179413905445
2018-08-01,0.18693698141585788,29480,4073,11333,8617,-0.41760962651179767,0.5479432095906168,19515,5457,7736.25,7760.74,7449.31,7611.45,315062577.94000006,3.60478e+17,-1.790022941402658
2018-08-02,0.16166766140837638,27480,3573,10103,8789,-0.4158924237992893,0.50927079024998,17545,5015,7610.9,7713.32,7470.86,7555.65,1.7980000189304246e+16,3.4716e+17,-0.7331060441834403
2018-08-03,0.1403350968394475,30891,5041,11267,9865,-0.38618734157984064,0.49658119932677963,20273,4718,7542.34,7542.49,7296.76,7425.29,217028279.25999996,2.7228e+17,-1.725331374534289
2018-08-04,0.18383244873098475,24305,2853,9150,8300,-0.3920778737188754,0.5275858804868222,15738,4002,7417.6,7490.89,6940.15,7008.06,1582731671.62,3.0889e+17,-5.619039795078706
2018-08-05,0.20251752958434494,21348,2404,8545,6565,-0.4072659820880109,0.5310506708637187,13751,3834,7017.89,7092.53,6898.31,7040.63,880000725475982.6,3.97971e+17,0.4647505871810509
2018-08-06,0.16091942024243985,27328,3658,9848,9021,-0.392975172668907,0.5165541890505233,17829,4801,7042.57,7160.4,6854.79,6945.78,1326432417.45,4.58896e+17,-1.3471805790106872
2018-08-07,0.1545122592460766,27790,3642,9983,9313,-0.40821732362359947,0.5019191960862925,17905,4852,6945.77,7150.86,6685.02,6727.62,357482.12000000005,3.9864e+17,-3.140899942123132
2018-08-08,0.11020116729336463,30813,6085,10227,9751,-0.39768675667423486,0.5198932722188928,19780,4750,6723.29,6723.99,6133.03,6264.18,545595152.8699999,8.5356e+17,-6.888617371373529
2018-08-09,0.16060687274348445,29021,4424,10312,9618,-0.4024516799779796,0.5545444224751334,19104,4667,6285.06,6631.23,6195.02,6545.61,548767179.35,3.0492e+17,4.492686991753092
2018-08-10,0.12347277473185275,29196,5162,9759,9097,-0.42071119195910006,0.5190647800331193,18231,5178,6543.25,6582.14,6025.91,6155.5,217655712.94,3.0442e+17,-5.959872341920769
2018-08-11,0.1659632402214669,25124,3691,9132,7354,-0.41114824383471,0.531686555327581,14817,4947,6152.95,6488.55,6014.26,6261.11,3159583048.3500004,4.3598e+17,1.7157014052473274
2018-08-12,0.194155839497706,22136,2892,8323,6575,-0.41106225051512163,0.5481762773673363,13604,4346,6242.53,6483.39,6176.89,6323.8,1930291201.7699997,4.0125e+17,1.0012601599397097
2018-08-13,0.11974074574686162,27300,4769,9020,8606,-0.42894117449340663,0.5261928403733833,17034,4905,6322.41,6545.02,6157.03,6266.18,1155996785.23,2.552e+17,-0.9111610107846557
2018-08-14,0.06587630391109697,30992,6372,9421,10013,-0.40999296132560376,0.45873258580492476,18566,5186,6263.2,6266.5,5891.87,6203.95,108934209.48,5.6369e+17,-0.9931090393190178
2018-08-15,0.10532937269197291,27309,4560,9171,8848,-0.4298445694395006,0.4724967633543402,16414,4730,6199.63,6620.07,6193.63,6286.25,406766.54999999993,4.0142e+17,1.3265741986959956
2018-08-16,0.11724218760518801,24870,3802,8140,8335,-0.42009425764522157,0.486488169387177,15273,4593,6274.22,6478.07,6217.33,6317.01,340751680.91999996,6.014e+17,0.4893219327898324
2018-08-17,0.13993389801585884,26309,3335,8953,8851,-0.42385893213055487,0.48692559425115944,16012,5170,6323.81,6589.2,6300.45,6576.01,520704381.1699999,4.9572e+17,4.100041000409993
2018-08-18,0.12545952883070696,20649,3050,6858,6704,-0.41004090267628374,0.48763650059219055,12238,4037,6591.18,6622.16,6322.44,6409.08,1528170347.09,3.7671e+17,-2.5384693758069177
2018-08-19,0.11584837411601814,19630,3024,6365,6210,-0.4183038321262442,0.4830722594212993,11163,4031,6405.74,6560.88,6330.56,6507.86,2598107929.1900005,5.356e+17,1.5412508503560574
2018-08-20,0.09910099454946492,24284,4318,7626,8017,-0.3940535879004161,0.48423187728481965,15077,4323,6531.11,6537.54,6248.39,6279.49,928505153.85,4.0333e+17,-3.5091412538069355
2018-08-21,0.09465585596074544,27699,4851,8583,9306,-0.3775866128500151,0.4630938751230464,17009,4959,6270.09,6506.69,6259.81,6484.75,433465019.68999994,3.3924e+17,3.2687367923191157
2018-08-22,0.08144234952809747,28001,5193,8870,9201,-0.4182701991679814,0.4620240085642972,17286,4737,6491.09,6890.79,6264.34,6357.45,259151673.42,2.99905e+17,-1.9630671961139656
2018-08-23,0.02700394845955092,28244,6920,8290,8502,-0.4812210719316963,0.4792279991977328,17770,4532,6366.14,6575.28,6356.96,6534.75,1437512918.12,4.13108e+17,2.788854021659626
2018-08-24,0.08429408361481446,26075,4847,7880,8489,-0.42506157874832756,0.48473594843271056,15958,4859,6539.13,6736.83,6481.76,6715.44,359085054.76000005,4.1481e+17,2.765063697922643
2018-08-25,0.09490473474097291,21628,3684,6327,7357,-0.39853565938501506,0.49445458935622316,12804,4260,6708.94,6808.89,6684.19,6755.74,212030483.24,3.86726e+17,0.60010959817971
2018-08-26,0.10572099126675573,20274,3143,6193,6928,-0.42085454094183933,0.49007407619618665,12023,4010,6749.71,6793.17,6588.48,6718.88,2067444397.33,3.86448e+17,-0.545610103408356
2018-08-27,0.1068776876118114,25732,4340,8100,8482,-0.40077748299864463,0.4913628844092944,15419,4810,6720.6,6944.21,6674.84,6897.92,1238727691.2599998,3.6606e+17,2.664729835925028
2018-08-28,0.11941836929857785,27488,3983,9236,9243,-0.4309002171448683,0.47957168268539907,16256,5026,6915.92,7136.71,6877.2,7088.88,11324720.969999997,4.4332e+17,2.7683707552421666
2018-08-29,0.14353974209280945,25255,3104,8720,8912,-0.4312310033315762,0.4951394597039421,15603,4519,7091.38,7137.47,6944.76,7051.98,335571732.86,5.2377e+17,-0.520533568067183
2018-08-30,0.10033824255469175,25993,4129,8055,9044,-0.4339182198830806,0.4846002670391491,16043,4765,7051.61,7072.64,6818.69,7012.94,71991700.24999999,4.3147e+17,-0.5536033851485711
2018-08-31,0.1264869328851158,25435,3287,8003,9473,-0.40118268521627926,0.4890761264530001,15637,4672,6998.76,7096.73,6903.08,7037.46,76937865.17,4.4763e+17,0.349639380915856
2018-09-01,0.1317375497088633,21590,2628,6868,7947,-0.40283266993148265,0.4911798136956312,12802,4147,7026.96,7260.36,7025.58,7208.36,1833197946.04,5.1045e+17,2.428432985764739
2018-09-02,0.1295885109439136,20866,2821,6771,7058,-0.4122699150442513,0.4898161556225786,11792,4216,7203.46,7384.38,7144.71,7302.13,931000475462462.4,5.7842e+17,1.300850678933907
2018-09-03,0.1298351601134699,24351,2984,8025,8735,-0.42061914846154824,0.47920443827494547,14906,4607,7301.25,7350.58,7206.21,7270.1,435745204.59999996,4.5681e+17,-0.43863913679981215
2018-09-04,0.1290543264798012,25942,3692,8741,8751,-0.41592565032658996,0.48806336856684407,16033,4758,7270.05,7417.65,7246.76,7369.62,1492107312.0900004,3.77e+17,1.3688945131428598
2018-09-05,0.09247233786136863,27604,4970,9013,9154,-0.42497398774212347,0.4711707312188667,17053,4467,7369.89,7401.43,6694.06,6704.11,317923487.61999995,5.649e+17,-9.030452045017245
2018-09-06,0.10608818188232004,28513,4983,9872,9507,-0.4250591575487291,0.4758654708210064,17693,4151,6705.06,6727.19,6295.11,6509.18,9947323863.62,6.5701e+17,-2.9076193558876473
2018-09-07,0.11977369394341542,24788,3752,8408,8789,-0.42182240306627183,0.486182639163307,16273,3839,6515.42,6549.39,6345.48,6418.8,608927545.81,5.0472e+17,-1.388500548456184
2018-09-08,0.1377405395259209,19516,2483,6450,6809,-0.4113517938487116,0.49392011775609884,11363,3774,6413.12,6480.57,6134.76,6203.07,904970203.0200001,3.5213e+17,-3.3609085810431982
2018-09-09,0.12827708553641576,18513,2607,6027,6122,-0.41356170868205083,0.49097543412948946,10574,3757,6200.23,6451.25,6161.83,6250.79,458534729.5799999,4.4549e+17,0.769296493510474
2018-09-10,0.1026897203204814,24980,4256,8559,7966,-0.41702544637096,0.46190976179094084,15818,4199,6249.07,6371.42,6247.64,6320.37,394810908.54999995,3.9887e+17,1.1131392991925892
2018-09-11,0.12422041173046583,23659,3715,8779,7091,-0.4245121152167921,0.4592807434820067,14289,4074,6324.43,6415.51,6199.19,6291.0,7.94000004781863e+16,3.2538e+17,-0.46468798503884745
2018-09-12,0.12167985648306398,24913,4052,8814,7804,-0.40866165170927765,0.46871006458897785,14768,4243,6295.54,6357.89,6208.28,6342.1,316141927.57000005,1.8495e+17,0.8122714989667879
2018-09-13,0.12786595092163378,26118,3787,9330,8958,-0.4117892990712564,0.47185533984700706,16280,4043,6337.08,6534.89,6337.08,6488.53,264378701.39000002,5.48e+17,2.30885668784786
2018-09-14,0.1369812897823906,22832,3122,8056,7789,-0.41063235508212576,0.483356733372087,13821,3865,6492.17,6591.59,6408.59,6502.27,345123380.78999984,2.8e+17,0.2117582873162549
2018-09-15,0.1431043641593006,19055,2496,6508,6267,-0.4209209883633594,0.4986695653727115,10899,3784,6485.39,6573.19,6473.47,6529.08,582168164.4,3.4049e+17,0.4123175444882943
2018-09-16,0.12127370136061588,18857,2725,6406,6300,-0.4117407454886026,0.4777102142234224,11442,3426,6522.68,6525.05,6404.31,6501.93,984571616.3499999,2.2403e+17,-0.4158319395688115
2018-09-17,0.13989351530417687,22867,3182,8120,7555,-0.426478271503882,0.48953215802692857,13698,4010,6502.44,6538.82,6216.83,6263.4,332684075.44,2.3636e+17,-3.668603014797156
2018-09-18,0.10560157816318373,22965,3987,7462,7734,-0.4036731427114737,0.4898046246593996,14006,3782,6261.33,6393.39,6238.25,6354.92,1443073026.4199996,3.5648e+17,1.461187214611881
2018-09-19,0.10471398998314223,25732,4278,8334,9071,-0.3977750700247016,0.47634543172204036,16064,4049,6346.44,6522.9,6137.04,6397.1,1029127186.7400002,4.933e+17,0.6637377024415692
2018-09-20,0.10230643815651799,25852,4435,8265,8706,-0.42110780227156197,0.49134835943316757,16461,4446,6398.83,6551.93,6361.33,6509.85,654070012.0699999,3.9744e+17,1.7625173906926639
2018-09-21,0.11435973227026294,26888,3855,8755,10183,-0.4258336825112772,0.4877103220829359,17088,4095,6505.97,6785.22,6501.01,6761.76,130612746.91,4.2884e+17,3.8696744164611996
2018-09-22,0.13133007790040288,20280,2913,6753,7120,-0.4201719675831963,0.5071424892083011,12540,3494,6762.07,6834.49,6633.01,6719.43,455563717.71999997,3.1754e+17,-0.6260204443813477
2018-09-23,0.1596191525507496,20052,2751,7334,6524,-0.39606761303124416,0.5093741896282618,12493,3443,6716.6,6768.44,6663.9,6701.2,822364156.63,3.7368e+17,-0.2713027741936491
2018-09-24,0.1487135535985787,23907,3363,8631,8229,-0.3806611295904234,0.4958427149656599,15540,3684,6702.73,6717.6,6557.82,6583.53,3425302819.66,2.6925e+17,-1.7559541574643345
2018-09-25,0.13763269953879562,25827,3800,9371,8542,-0.4174040727676633,0.4927157607310022,16558,4114,6583.53,6583.54,6333.21,6426.22,1521937185.1799998,5.829e+17,-2.3894476063752945
2018-09-26,0.13465798759823458,24687,3447,8406,8830,-0.4195231888836826,0.502581826995442,15681,4004,6437.74,6543.92,6383.16,6473.52,937001372855096.9,4.075e+17,0.736047007416496
2018-09-27,0.13219025459525047,23832,3370,7957,8137,-0.3997841800878457,0.4913344615080837,14516,4368,6462.6,6733.94,6434.76,6684.06,1371019548.71,4.0153e+17,3.252326400474548
2018-09-28,0.13640429207168825,22966,2865,8108,7985,-0.4083926916612884,0.46272091769051005,14354,4008,6686.13,6806.1,6545.41,6639.27,746389437.19,4.1162e+17,-0.6701017046525592
2018-09-29,0.2032005142988989,19203,2079,7603,6152,-0.39894279302609115,0.5181880918664254,12242,3369,6635.4,6635.42,6474.23,6604.32,12387420257.199999,3.529e+17,-0.5264132954376111
2018-09-30,0.14274167976430732,2796,367,933,926,-0.37604690331839186,0.49116465733169185,1654,570,6620.63,6741.96,6543.68,6621.8,147922751.76,5.209e+16,0.26467524287134836
2018-10-01,0.11018344011963199,5365,961,1754,1784,-0.38917289959384593,0.4958185985797455,3422,866,6584.76,6622.13,6555.08,6587.53,62684676.71,5.546e+16,-0.5175329970702913
2018-10-02,0.1205967790523053,22602,3859,7756,7127,-0.4194831541166444,0.4959420371330254,14320,3860,6594.98,6618.95,6478.04,6521.66,948329459.71,2.562e+17,-0.9999195449584275
2018-10-03,0.1384251459960856,23034,3440,8352,7393,-0.4021193825820886,0.485253754926424,14641,3849,6525.46,6537.07,6428.98,6496.25,702089704.29,4.4524e+17,-0.3896247274466913
2018-10-04,0.13778699909453704,24031,3214,8425,8573,-0.4426712673054614,0.49999824328179326,15355,3819,6492.61,6622.32,6486.86,6579.64,806241869.95,2.2567e+17,1.2836636521069922
2018-10-05,0.12053675376119966,24823,4063,8492,8511,-0.4310625072643373,0.5005094535239482,16231,3757,6580.0,6683.55,6546.98,6634.04,332148251.91999996,2.8941e+17,0.8267929552376652
2018-10-06,0.12448230880687343,19850,3155,6635,6734,-0.4031040785531828,0.4994642308279611,12383,3326,6632.88,6637.08,6563.25,6589.35,555102316.0700002,2.237e+17,-0.673646827574137
2018-10-07,0.13272082169890823,17991,2975,6034,5970,-0.3906267806244024,0.5187384042447182,11154,3012,6589.94,6622.49,6535.02,6598.99,1157760031.07,2.947e+17,0.14629667569638904
2018-10-08,0.12675428419834592,23259,3812,7902,7930,-0.41840282365928166,0.5141431326299568,14652,3615,6601.46,6698.31,6565.01,6648.66,221689380.06,3.9247e+17,0.7526909420987105
2018-10-09,0.16086478569564336,24960,3281,9443,8204,-0.4091854602442913,0.49837252567040075,15630,4032,6650.07,6657.0,6589.39,6632.64,1216338457.69,3.9772e+17,-0.24095080813275604
2018-10-10,0.14040659929546367,17738,2705,6466,5820,-0.41809823614380404,0.50176637048622,11201,2747,6536.63,6600.07,6523.06,6582.1,151960630.39999998,2.0322e+17,-0.7619891928402511
2018-10-11,0.1022341903743358,26822,5291,9169,8910,-0.44100028334057456,0.5102491901809633,16868,3452,6581.07,6581.59,6171.95,6226.24,141494858.5500001,3.7035e+17,-5.406481214202163
2018-10-12,0.09833377423930191,23339,4159,7628,7804,-0.43975587030987645,0.49378479931508723,14737,3748,6209.47,6296.56,6173.86,6259.99,1208707496.1699998,3.4089e+17,0.5420606979493314
2018-10-13,0.10593334447130359,18902,3227,6326,6288,-0.461360905090254,0.5027634008713161,11255,3061,6252.1,6280.73,6238.92,6264.05,824653780.3700001,3.3217e+17,0.0648563336363317
2018-10-14,0.10505559424867067,19295,3813,6449,5756,-0.403711083848016,0.49894523109369465,11605,3277,6267.27,6346.56,6247.17,6272.38,503370155.41,4.3734e+17,0.13298105858030596
2018-10-15,0.1119919327096431,27170,4472,9314,9594,-0.4180550993466898,0.48401080696341037,16363,3790,6277.73,7234.83,6244.77,6638.19,2879985478.5099998,4.769e+17,5.832076500467109
2018-10-16,0.12040343811106718,25573,3545,8126,9701,-0.41212994607961834,0.4965748732028976,16102,4201,6612.69,6724.91,6545.54,6585.4,17300502955.4,2.6408e+17,-0.7952468971210491
2018-10-17,0.12857087260521258,24143,3318,8094,8784,-0.3955677832730129,0.48494447996685436,14882,3947,6583.05,6589.2,6511.6,6569.0,619979903.7,5.309e+17,-0.24903574574056675
2018-10-18,0.11125554886386241,23866,3385,7568,9244,-0.40358378662483446,0.4803199702094474,15331,3669,6576.4,6616.27,6445.05,6483.69,6273649907.83,3.4822e+17,-1.2986755975034292
2018-10-19,0.1039209007355132,21576,3492,6643,7499,-0.38891377985469894,0.48003398881827986,13427,3942,6489.37,6503.09,6449.36,6471.56,2555803002.76,2.1188e+17,-0.1870848236112388
2018-10-20,0.16193624912815813,18152,2241,6393,6151,-0.38840209825709904,0.510421580380389,10635,3367,6469.28,6523.66,6411.96,6489.76,1.3340003102817704e+16,4.0833e+17,0.28123049156616453
2018-10-21,0.12424536215053585,17836,2560,5670,6481,-0.38651378227349525,0.49303652066882275,10842,3125,6490.6,6557.39,6474.47,6510.21,1709954518.0199997,2.431e+17,0.31511180690810825
2018-10-22,0.13446834921185732,16559,2415,5466,6083,-0.37384375333085934,0.5021009107577019,10507,2595,6507.99,6511.19,6460.38,6484.07,490800251.94,2.4126e+17,-0.4015231459507551
2018-10-23,0.12282669644753337,26015,3737,8492,9940,-0.39477592308847975,0.4945291197658858,16430,3846,6484.32,6496.2,6438.99,6473.48,13226188103.890001,5.1259e+17,-0.16332334475106514
2018-10-24,0.14592387913678423,23893,2881,8002,9138,-0.4037944875181305,0.509137127983523,15158,3872,6470.63,6535.46,6465.73,6476.27,19026596951.019997,3.6871e+17,0.0430989205188137
2018-10-25,0.13645750435592752,22752,2919,7353,8584,-0.3893107735777028,0.5053905411159605,13500,3896,6476.52,6497.9,6432.3,6468.7,223214584.77999997,5.3951e+17,-0.11688827056315354
2018-10-26,0.13961431599116159,22827,2895,7659,8654,-0.3911102889144193,0.4960172736135398,14498,3619,6462.77,6514.0,6441.81,6459.35,1323664253.27,3.9816e+17,-0.1445421800361668
2018-10-27,0.15157758839823549,18077,2335,6644,6093,-0.42236923093719797,0.49309314470346965,10930,3005,6457.21,6479.0,6445.95,6470.16,1506173674.81,4.1052e+17,0.16735430035528243
2018-10-28,0.16375636473450628,16651,2134,5996,5433,-0.39149660199681785,0.5069968701087574,9975,3088,6470.17,6483.24,6444.74,6470.55,2016659804.9000003,2.3155e+17,0.0060276716495444305
2018-10-29,0.11334752066887811,23722,4029,7947,8138,-0.3934016249441075,0.48870967206386573,14863,3608,6470.74,6483.39,6282.58,6313.96,613354004.77,2.9094e+17,-2.4200415729729308
2018-10-30,0.09487876131516271,24372,4862,8081,7991,-0.41420123396749875,0.49131758684564314,16066,3438,6314.38,6340.68,6286.3,6310.68,1845552576.55,3.9634e+17,-0.05194838104770616
2018-10-31,0.17937115086619737,32597,4532,12978,11150,-0.3854619026896772,0.5297570959561287,21143,3937,6309.11,6391.25,6241.49,6343.29,823523270.3599999,3.4016e+17,0.5167430451235022
2018-11-01,0.1482227515487753,26094,3847,9427,8992,-0.37479495898486537,0.5053502963155786,16927,3828,6342.81,6402.59,6322.6,6381.3,848326960.9499999,3.3607e+17,0.5992158643227663
2018-11-02,0.11195052887992615,24057,4179,7842,7846,-0.3903174770274292,0.486306469926723,15381,4190,6381.3,6420.93,6371.57,6393.79,1042197731.5200001,3.6903e+17,0.19572814316830556
2018-11-03,0.13725321797474171,18277,2623,5818,5860,-0.3951718474750832,0.5134584359490475,10310,3976,6394.65,6398.09,6336.96,6377.05,1840111077.45,2.598e+17,-0.261816543865212
2018-11-04,0.12846740173785254,15026,1904,4477,5021,-0.4128170305458098,0.5015028402611856,8331,3624,6362.5,6498.16,6362.49,6460.72,799698054.9100002,3.6853e+17,1.3120486745438642
2018-11-05,0.11505098221388382,24836,3699,7524,8303,-0.4102542362716301,0.5064653685119264,14823,5310,6467.05,6475.8,6406.8,6433.15,1416799272.1599998,4.1028e+17,-0.4267326242276548
2018-11-06,0.11677912047191097,1275,185,444,358,-0.42411370607919696,0.4477469260838664,769,288,6448.94,6473.27,6448.42,6471.18,31826.010000000002,3.886e+16,0.5911567428087405
2018-11-07,0.14103765188441006,24881,3416,8498,8603,-0.4166478701110404,0.5116296218167294,15843,4364,6479.72,6562.79,6476.59,6528.48,1649578457.45,5.2165e+17,0.8854644747943841
2018-11-08,0.08336299822559186,1153,168,306,389,-0.4450790000000001,0.4764819913321166,696,290,6462.22,6468.73,6442.03,6446.06,27411.6,6630000000000000.0,-1.2624684459475843
2018-11-09,0.09993172784496414,2797,535,904,816,-0.4230449055892102,0.5042950686178069,1766,542,6390.44,6391.58,6352.45,6377.99,51786.42,4.41e+16,-1.055993893944529
2018-11-10,0.11566721942030256,18344,2694,5676,6206,-0.4184264648054645,0.4971816947133607,11238,3768,6377.99,6419.92,6376.17,6396.16,1524452873.5400002,1.796e+17,0.2848859907274903
2018-11-11,0.11933301502624044,18174,2550,5373,6206,-0.3939310174706519,0.5000397822389511,10635,4045,6396.39,6411.73,6326.38,6407.95,3013631484.05,3.5587e+17,0.18432934760856945
2018-11-12,0.08768837001015786,6966,1349,2129,2069,-0.4498221607395321,0.5086482192063003,4210,1419,6399.77,6399.94,6350.87,6375.08,95503630.03,1.0148e+17,-0.5129565617709275
2018-11-13,0.09147539252782563,25575,4496,7742,7889,-0.43638044417560556,0.49309937464023257,15689,5448,6375.08,6389.43,6315.58,6347.99,319942742.74999994,5.4322e+17,-0.4249358439423534
2018-11-14,0.06258997358351222,31646,6761,9110,9700,-0.4149622744559314,0.4855901897314891,17158,6075,6339.17,6375.7,5469.93,5701.51,4.6400000839406136e+16,2.8846e+17,-10.184011001907688
2018-11-15,0.07265014819350546,2636,489,738,580,-0.4072366822825837,0.4679169594028867,1232,829,5549.61,5641.59,5493.27,5641.07,43368.369999999995,6.048e+16,-1.0600700516179118
2018-11-16,0.07916849531669709,27106,5182,8133,8187,-0.43517333925417234,0.48760073528037734,15331,5604,5647.5,5676.54,5492.02,5584.75,295863919.45,5.9753e+17,-0.9983921490071879
2018-11-17,0.1022610986027978,20781,3773,6488,6180,-0.4178515128328349,0.4984045889749105,11297,4340,5586.97,5601.94,5524.7,5567.55,995961002.0799999,3.3034e+17,-0.3079815569183908
2018-11-18,0.11367215163850139,19889,3130,6519,6226,-0.4182037352210873,0.47917542494417753,11373,4013,5567.95,5701.35,5567.95,5613.27,219928400.68000004,3.9749e+17,0.8211870571436242
2018-11-19,0.07847283112022238,33309,6895,10464,10570,-0.4061467690270071,0.47678537982491687,17763,5380,5615.26,5615.98,4757.01,4863.43,640424.0900000001,4.48986e+17,-13.358345492021584
2018-11-20,0.04782006138481891,38077,9181,11497,12246,-0.4164190005001384,0.4669078427875512,21211,5153,4809.62,4953.56,4273.37,4381.67,425286208.28999996,1.01339e+17,-9.905766095122171
2018-11-21,0.07835222833988091,30508,6123,9416,9816,-0.4214444983480668,0.4846835522943445,17191,5153,4441.81,4689.55,4315.58,4607.45,452156676.84000003,1.2949e+17,5.152829857109276
2018-11-22,0.11139427811539214,24769,4054,8278,8091,-0.4167962180505867,0.4756789586210137,14504,4346,4593.04,4638.23,4316.76,4353.84,350294.38,5.3615e+17,-5.504346221879775
2018-11-23,0.09323190315780917,25754,4653,8254,8578,-0.4237907224676789,0.4816838241073353,15376,4269,4320.68,4419.48,4157.19,4350.43,171577784.49,5.0484e+17,-0.078321665472314
2018-11-24,0.09080346273501996,24268,4397,7617,8006,-0.4320076302919717,0.4863975953657509,13612,4248,4343.42,4432.0,3767.42,3885.04,181719580.94000003,2.50608e+17,-10.697563229381934
2018-11-25,0.07291238994146342,30346,6973,10145,9209,-0.42717435870353776,0.4844903067130342,16097,4019,3854.11,4149.74,3550.04,4028.9,760333.9400000001,2.18792e+17,3.702921977637308
2018-11-26,0.07107631707954884,33252,7437,11198,9899,-0.41851403543583116,0.4642435174178703,20489,4718,4004.46,4124.7,3598.81,3785.35,239290862.4,1.25988e+17,-6.045074337908618
2018-11-27,0.09598367331891698,31383,5845,10684,10567,-0.41305494614009447,0.47193903386918334,19270,4287,3784.77,3878.9,3613.11,3820.62,1026640716.9699999,1.04615e+17,0.9317500363242415
2018-11-28,0.13298363351180265,30510,4711,11353,10109,-0.4123264991401494,0.47897003923801,18719,4337,3822.99,4398.57,3822.94,4262.68,643070.1100000001,1.4322e+17,11.570373394894041
2018-11-29,0.12450613252115322,27062,4503,9801,8833,-0.4215919173963376,0.48845054350884975,16981,3925,4263.52,4444.39,4130.68,4286.69,1061293157.1599997,1.902e+17,0.5632606716901023
2018-11-30,0.11290094691281036,26181,4636,8963,8842,-0.4043114372449155,0.48959147488491134,16789,3740,4286.85,4331.07,3916.3,4009.34,227556133.12999997,4.0594e+17,-6.4700269905218155
2018-12-01,0.10011301893150076,21312,3750,6943,7011,-0.41914154847811785,0.4846366032240365,12758,3608,4009.67,4309.65,3942.62,4199.24,648233059.7800001,4.9049e+17,4.736440411638809
2018-12-02,0.11931039264426103,20461,2939,6390,6602,-0.40952934969050475,0.4865656103008867,12457,4530,4197.7,4318.79,4077.67,4129.62,704245631.47,4.965e+17,-1.6579190520189302
2018-12-03,0.11271633732579812,25055,4589,8543,7761,-0.4085163372225212,0.49767306096777636,15166,4162,4143.86,4159.01,3795.18,3873.26,457395.8799999999,5.1827e+17,-6.207835103471981
2018-12-04,0.11003327509130256,16834,3204,5953,5156,-0.41840878839630957,0.48774265641873793,10312,2521,4014.28,4082.68,3897.93,3942.61,245651752.6,3.9665e+17,1.7904814032623673
2018-12-05,0.11423693846624429,23155,4209,7812,7417,-0.40752571627653106,0.5034622849104439,13864,3717,3948.44,3961.8,3724.1,3739.64,379444020.27,5.7317e+17,-5.148112544735605
2018-12-06,0.09469857879896505,24927,4619,8018,8115,-0.4148254115416974,0.4843334416293738,14741,4175,3737.53,3883.43,3467.92,3492.29,374676820.7500002,5.7525e+17,-6.614273031628715
2018-12-07,0.08808866135234387,27793,5535,8620,8795,-0.4038991443084767,0.49406831084482783,15118,4843,3485.18,3576.11,3248.0,3417.48,730262.99,1.5845e+17,-2.1421474161653187
2018-12-08,0.10507377378935008,20551,3654,6518,6308,-0.40999127033085236,0.4960656856369712,11419,4071,3420.57,3571.05,3295.21,3466.16,1680027501.06,2.346e+17,1.4244414012664297
2018-12-09,0.13902903509031042,20169,2897,6540,5203,-0.4265605046085718,0.4992643132554894,11020,5529,3461.07,3718.58,3436.5,3599.95,14560686103.029999,3.3965e+17,3.8598910610012194
2018-12-10,0.11472387053251007,22546,4237,7578,6726,-0.3904687297095459,0.4991938045294239,13484,4005,3592.84,3645.49,3416.77,3468.97,593281476.8399999,4.3214e+17,-3.638383866442585
2018-12-11,0.10304783653087549,24173,4275,7894,8186,-0.39565890558825023,0.4826876184975515,15079,3818,3467.16,3483.58,3348.98,3399.97,1197592846.5700002,4.4114e+17,-1.9890630360020367
2018-12-12,0.10410061851744873,25734,4147,7907,8315,-0.40366334949399435,0.4800217077389945,16562,5365,3401.02,3545.37,3380.48,3488.94,729332064.8200002,5.2414e+17,2.616787795186437
2018-12-13,0.05193123683739602,25361,5576,8122,7745,-0.4541368259089525,0.48206983740974896,15907,3918,3485.59,3493.76,3272.81,3303.71,423162.6400000001,6.3716e+17,-5.309062351315874
2018-12-14,-0.00565874407981107,27142,7188,7711,7773,-0.5298894613389072,0.4856014175418066,16580,4470,3305.11,3333.24,3180.97,3232.36,321931155.8499999,3.1173e+17,-2.1596931934098285
2018-12-15,0.0638653899887824,20444,4398,6160,6110,-0.4363166897370126,0.4856473430208054,11434,3776,3235.48,3271.76,3172.15,3239.24,962000216121437.1,4.5656e+17,0.21284757885877692
2018-12-16,0.12191113447621599,6627,1125,2330,1692,-0.43251918477284385,0.4770089193929919,4012,1480,3280.8,3299.71,3241.78,3254.27,146434995.68,1.6478e+17,0.4639977278620977
2018-12-17,0.10755027895508247,28417,4774,9351,9456,-0.4147819430408646,0.4835556979409979,16844,4836,3255.37,3639.65,3239.06,3545.7,381347295.33,4.0629e+17,8.955311022133984
2018-12-18,0.10963981405571441,26973,4251,8734,9876,-0.418324061392726,0.4912789089727288,17163,4112,3548.19,3727.99,3481.46,3711.6,495690.20999999996,3.0644e+17,4.678906844910746
2018-12-19,0.11491398978578121,28986,4731,9658,9944,-0.4090323745011724,0.4886798093954154,18154,4653,3715.85,3969.7,3693.57,3741.62,641694.4199999999,1.8974e+17,0.8088156051298645
2018-12-20,0.11191459328911642,26971,4193,8563,9534,-0.40520968803257224,0.487413848677346,16549,4681,3736.54,4225.52,3712.82,4127.24,251021675.14,1.5775e+17,10.306230990854237
2018-12-21,0.11885626607121902,24650,4063,7881,8316,-0.3921473491002596,0.5060887646334947,15409,4390,4137.66,4208.32,3831.2,3897.99,496000449.64,1.6358e+17,-5.554559463467113
2018-12-22,0.09394148753536935,20516,3440,5873,7372,-0.38399290695666016,0.49029372785814984,12774,3831,3898.81,4060.34,3849.23,4036.7,3000936663.3999996,5.93047e+17,3.5585006631623006
2018-12-23,0.12024947948239194,20016,2911,6402,7251,-0.3956205442436025,0.4902757657674037,12160,3452,4045.24,4109.49,3972.39,4007.61,1634007423.7,4.01122e+17,-0.7206381450194366
2018-12-24,0.12250553437320572,22670,3399,7574,7917,-0.4352939361595028,0.5040843092287491,13328,3780,4007.63,4303.37,4006.6,4081.93,16488488581.63,4.2839e+17,1.8544718672725002
2018-12-25,0.09959214676515557,19824,3009,5925,7719,-0.4166289478636098,0.48851769792935973,12184,3171,4081.95,4094.61,3734.85,3817.69,257759765.20999998,4.7099e+17,-6.473408412197168
2018-12-26,0.09840720442429317,20544,3374,6463,7349,-0.41203729862461463,0.47957772199887033,12613,3358,3834.73,3923.93,3746.86,3846.65,517496901.99,4.5506e+17,0.7585739020192772
2018-12-27,0.054185690217147045,23552,5428,6438,7806,-0.3962444270556431,0.48175867378522635,14864,3880,3848.78,3888.92,3622.39,3645.68,459116973.6100001,5.7951e+17,-5.224546033561673
2018-12-28,0.06464018549057451,24144,5136,6982,8102,-0.4201998996361993,0.5011460162525206,15181,3924,3646.09,4007.71,3628.43,3937.66,293905427.61,4.4549e+17,8.008931118474472
2018-12-29,0.10624647898505407,20587,3441,6595,6715,-0.4220903151657525,0.4918284747425594,11947,3836,3947.86,4004.14,3774.38,3775.79,281799818.2,2.7612e+17,-4.110817084258156
2018-12-30,0.12792158846757473,19056,2775,6536,5876,-0.4392351814856348,0.48354475502209393,10554,3869,3797.06,3925.18,3760.8,3895.97,718821931.9399999,1.7144e+17,3.182910066502642
2018-12-31,0.12506717633964423,22038,3438,7240,7616,-0.40811209854617864,0.5082968526025596,12590,3744,3896.21,3904.28,3701.48,3741.02,986366758.04,3.6557e+17,-3.977186682648992
2019-01-01,0.1410542311799737,19779,2504,6234,6112,-0.4237671671827749,0.5065924432363809,11884,4929,3747.39,3938.75,3696.94,3868.1,292459780.43,4.731e+17,3.3969345258779704
2019-01-02,0.0808553752224998,23128,4484,7388,7450,-0.46711759242229284,0.5011250408259388,13932,3806,3880.15,3989.59,3826.29,3972.6,2218760165.69,3.8707e+17,2.701584757374431
2019-01-03,0.1599046968282813,26786,4803,10711,7810,-0.4021153940143991,0.5223031669733434,14654,3462,3961.01,3965.52,3778.76,3833.36,909000121797895.1,6.077e+17,-3.505009313799523
2019-01-04,0.13509292315263424,21905,3943,7853,6735,-0.3812030789596144,0.5102430419375995,12644,3374,3835.86,3901.65,3783.88,3883.78,2426500624.62,2.7169e+17,1.3152951979464422
2019-01-05,0.12851174830456985,18053,2887,6350,5725,-0.4344053226135946,0.5026290474159562,9990,3091,3874.06,3925.5,3841.13,3854.99,1576878096.68,3.2393e+17,-0.7412881265159266
2019-01-06,0.14679988897060947,20315,2990,6971,5765,-0.4030988654518241,0.5027743232077403,11844,4589,3855.39,4145.16,3829.09,4108.85,178606401.17000002,4.005e+17,6.585231090093635
2019-01-07,0.14557956606882427,23909,3690,8374,8375,-0.39114196983975874,0.5269706322701818,14454,3470,4102.85,4132.62,4001.35,4044.99,1346352147.38,3.6889e+17,-1.554206164741978
2019-01-08,0.13837533360716914,22228,3307,7711,7747,-0.40946769805000116,0.512806415087339,13214,3463,4050.4,4156.16,3990.34,4039.7,352978978.08000004,3.8635e+17,-0.13077906249459037
2019-01-09,0.1386784331941457,23311,3738,8397,7632,-0.39614071908330534,0.5011163827936703,14114,3544,4040.75,4092.91,4013.0,4048.34,1910464074.9999995,3.9233e+17,0.21387726811397112
2019-01-10,0.1030071137903433,19120,3412,6196,6505,-0.41622201726797087,0.4959325408389988,11796,3007,4080.52,4082.53,3631.07,3676.23,1495024893.54,2.4446e+17,-9.191668683954413
2019-01-11,0.11112117006198825,22398,3877,7118,6737,-0.3957034905267436,0.4915183336850721,13399,4666,3668.15,3729.69,3616.41,3664.84,548357195.11,4.7677e+17,-0.30982827516232714
2019-01-12,0.11854533674856078,18408,2968,5984,5897,-0.40110650395454744,0.49426601649766194,11332,3559,3669.2,3692.12,3611.2,3663.7,690931138.9899999,3.5403e+17,-0.031106405736680554
2019-01-13,0.11097941691330636,17876,2825,5825,5638,-0.40704420236805466,0.46538991279298364,10929,3588,3664.38,3675.2,3528.24,3545.15,524116138.31999993,3.6049e+17,-3.2357998744438565
2019-01-14,0.0840078631471147,22003,4157,6830,7654,-0.42287942789629046,0.4856816561978514,13840,3362,3551.24,3748.88,3544.53,3703.84,239264074.82,4.434e+17,4.476256293809855
2019-01-15,0.11447633912575643,20989,3310,6857,7368,-0.41036470302272393,0.49135348363730985,12854,3454,3703.9,3724.3,3590.49,3622.99,224757604.98999998,3.7935e+17,-2.182869670396137
2019-01-16,0.10753518396319224,20960,3482,6573,7217,-0.4116600920989761,0.5007728501667253,12921,3688,3621.24,3704.37,3611.38,3647.41,508951565.7100001,3.7498e+17,0.67402890982311
2019-01-17,0.11353729594300763,21758,3648,7202,7294,-0.4113803054095129,0.4940716185721712,13233,3614,3643.99,3695.28,3586.92,3682.51,329545381.18,4.4912e+17,0.9623266920911089
2019-01-18,0.10903048350192755,23361,3557,6999,7631,-0.4142372319418637,0.49373891183818036,14689,5174,3685.3,3685.39,3620.44,3647.29,423726893.63,3.8622e+17,-0.9564128814314232
2019-01-19,0.14410450445934953,18587,2634,6474,5650,-0.40158360703556867,0.4961125795800981,10970,3829,3648.05,3799.62,3643.01,3732.4,654819496.9199998,4.0513e+17,2.333513375684415
2019-01-20,0.1149607369918054,17645,2928,5856,5292,-0.4255396485452086,0.48804234509905847,10572,3569,3729.78,3754.65,3529.25,3568.27,247038271.82999998,4.5336e+17,-4.397438645375629
2019-01-21,0.11150207069929742,21341,3671,7321,6783,-0.4273101785793778,0.4836377795124445,12973,3566,3567.73,3599.83,3535.19,3573.67,978959629.23,3.1451e+17,0.15133383964778258
